파일	줄	표지	글
card.html	74	가운뎃점잇기	문장 없음 · 개념트리
card.html	101	줄표	함정 — 기출이 틀렸다고 한 설명
card.html	5	줄표	개념 — 모두의 위산기
card.html	88	느낌표	'+ ((!다음||다음.k!==k||다음.종류!=="ox")?'
exam.html	47	가운뎃점잇기	평균 · 과락
exam.html	5	줄표	모의고사 — 모두의 위산기
exam.html	47	가운뎃점잇기	'+(유형==="기능사"?"60":"60 · 40")+'
exam.html	47	가운뎃점잇기	'+(유형==="기능사"?"합격점":"평균 · 과락")+'
exam.html	135	느낌표	'; if(유형!=="기능사") h+='
index.html	87	가운뎃점잇기	분 · 목표
index.html	125	가운뎃점잇기	과목 · O·X 정답률
index.html	87	가운뎃점잇기	'+(R.완료||R.남은===0?"목표 "+R.목표분+"분 완료":"남은 "+R.남은+"분 · 목표 "+R.목표분+"분")+'
ox.html	5	줄표	기출로 확인 — 모두의 위산기
ox.html	186	느낌표	'); if(k&&!(다음&&다음.종류==="card")) 작.push('
ox.html	191	줄표	'+(k&&테마?e(테마.n):"복습")+' — 끝
quiz.html	5	줄표	문제풀이 — 모두의 위산기
quiz.html	125	느낌표	'+(x.r!=null?"정답률 "+x.r+"%":"")+'
settings.html	125	가운뎃점잇기	기록 전부 삭제 · 복구 불가
settings.html	5	줄표	설정 — 모두의 위산기
start.html	5	줄표	시작 — 모두의 위산기
tree.html	5	줄표	개념트리 — 모두의 위산기
js/gdata.js	1	과장	마개를 꼭 막아 둘 것.
js/gdata.js	1	과장	저장 용기는 마개로 꼭 막아둔다.
js/gdata.js	1	과장	P4S3은 회색의 비결정성 분말로 자연발화성이 있으므로 습기와 산화제의 접촉을 피한다.
js/gdata.js	1	해설투	운반용기는 수납구를 옆으로 향하게 하여 나란히 적재한다.
js/gdata.js	1	가운뎃점잇기	고압가스등을 저장 · 취급하는 시설로부터는 20m 이상
js/gdata.js	1	과장	저장 용기는 공기가 통하지 않게 마개로 꼭 막아둔다.
js/gdata.js	1	과장	위험물안전관리법령에 따른 제1류 위험물 중 알칼리금속의 과산화물 운반 용기에 반드시 표시하여야 할 주의사항을 모두 옳게 나열한 것은?
js/gdata.js	1	과장	위험물안전관리법령상 자동화재탐지설비를 반드시 설치하여야 할 대상에 해당되는 것은?
js/gdata.js	1	가운뎃점잇기	벽 · 기둥 · 바닥 · 보 · 서까래 및 계단을 불연재료로 출입구 외의 개구부가 없는 내화구조의 벽으로 하여야 한다.
js/gdata.js	1	가운뎃점잇기	증기발생 · 폭발에 대비하여 운반용기의 수납구를 옆 또는 아래로 향하게 하여야 한다.
js/gdata.js	1	가운뎃점잇기	위험물을 수납한 운반용기가 전도 · 낙하 또는 파손되지 아니하도록 적재하여야 한다.
js/gdata.js	1	과장	위험물제조소에는 “화기엄금” 및 “물기엄금” 주의사항을 표시한 게시판을 반드시 설치하여야 한다.
js/gdata.js	1	줄표	D급화재 – 플라스틱화재
js/gdata.js	1	과장	위험물안전관리법령상 자동화재탐지설비를 반드시 설치하여야 할 대상에 해당되지 않는 것은?
js/gdata.js	1	과장	그러나 중유의 주된 연소형태는 분해연소이므로 반드시 예외처럼 떼어 외웁니다.
js/gdata.js	1	과장	기출에서 확정되는 핵심은 Halon 2402가 상온에서 액체이고 저장용기에는 방출원인 질소(N2)와 함께 충전한다는 것입니다.
js/gdata.js	1	과장	둘 다 반드시 설치한다고 읽지 않습니다.
js/gquiz.js	1	훅제목	KMnO4에서 Mn의 산화수는 얼마인가?
js/gquiz.js	1	훅제목	0.5M-HCl 100mL와 0.1M-NaOH 100mL를 혼합한 용액의 pH는 얼마인가?
js/gquiz.js	1	훅제목	어떤 원자핵 반응에서 방출된 에너지 (원자력)가 9× 1018 erg 였다면, 새로운 원자핵을 이룰때 생긴 질량 결손은 얼마인가?
js/gquiz.js	1	훅제목	100mL 메스플라스크로 10ppm용액 100mL를 만들려고 한다. 1000ppm용액 몇 mL를 취해야 하는가?
js/gquiz.js	1	훅제목	소방대상물이 어느층에 있어도 당해 층의 옥내소화전을 동시에 사용할 경우 각 소화전의 노즐선단에서 방수압력이 몇 kg/cm2 이상이어야 하는가?
js/gquiz.js	1	훅제목	다수인이 모일수 있는 공공의 장소(중요 문화재)의 연면적이1,000m2 일 경우 비치하는 소화기구의 능력단위는 얼마 이상이어야 하는가?
js/gquiz.js	1	훅제목	스프링 클러헤드는 소방대상물의 폭이 얼마 이하인 경우 스프링 클러헤드를 소방대상물의 실내 측벽에 설치할 수 있는가?
js/gquiz.js	1	훅제목	분말 소화약제의 저장용기의 충전비는 얼마 이상으로 하는가?
js/gquiz.js	1	훅제목	지하 저장탱크를 2개 설치하려고 한다. 이 때 탱크 사이를 몇 m 간격으로 설치할 경우 액체 위험물이 새는 것을 검사하기 위한 누유검사관을 공유할 수 있는가?
js/gquiz.js	1	훅제목	다음 중 과산화칼륨과 물이 접촉할 때 일어나는 반응은 어느 것인가?
js/gquiz.js	1	훅제목	유지 1g을 비누화하는데 필요한 KOH의 mg수를 무엇이라 하는가?
js/gquiz.js	1	훅제목	0.1N-HCl 1.0mL를 물로 희석하여 1000mL로 하면 pH는 얼마나 되는가?
js/gquiz.js	1	훅제목	방사성 원소에서 방사되는 방사선의 파장이 가장 짧고 투과력과 방출속도가 가장 큰 것은 다음중 어느 것인가?
js/gquiz.js	1	훅제목	염소원자(Cl)의 최외각 전자궤도의 전자수는 몇 개인가?
js/gquiz.js	1	만든사람말	NaHCO3 A(외약)약제와 AI(SO4)3 B(내약)약제로 되어 있는 소화기는?
js/gquiz.js	1	훅제목	제연설비의 유도 풍도안의 풍속은 다음 중 어느 것인가?
js/gquiz.js	1	훅제목	포 헤드설치에 관한 것으로 홈헤드 하나가 화재시 방호 할수있는 바닥면적은 얼마 이어야 하는가?
js/gquiz.js	1	훅제목	피뢰 설비는 지정수량 얼마 이상의 위험물을 취급하는 제조소에 설치하는가?
js/gquiz.js	1	훅제목	가공성, 가황법 및 가황체의 물리적성질 등이 천연고무와 거의 동일한 합성 천연고무로서 타이어에 주로 이용되는 고무류는 어느 것인가?
js/gquiz.js	1	훅제목	다음중 어느 경우에 순수한 물의 끓는점 오름 현상이 나타나는가?
js/gquiz.js	1	훅제목	용액 1L중에 황산이 49g녹아 있다면 이 때의 노르말 농도(N)는 얼마인가?
js/gquiz.js	1	훅제목	0.2N NaOH 용액 51mL 에 0.6N NaOH 용액 얼마를 가하면 0.3N NaOH 용액이 되겠는가?
js/gquiz.js	1	훅제목	금수성 물질인 금속나트륨.금속칼륨 의 취급시 잘못으로 화재가 발생 하였을때 어떻게 소화해야 하는가?
js/gquiz.js	1	훅제목	비상방송설비의 설치 기준 중 확성기의 음성입력은 몇 와트 이상인가?
js/gquiz.js	1	훅제목	어떤 물질에 과망간산칼륨을 묻혀 알콜 램프의 심지에 접하면 점화한다. 이 물질은 어느 것인가?
js/gquiz.js	1	훅제목	물과 작용해서 가연성 기체를 발생하는 위험물은 어느 것인가?
js/gquiz.js	1	훅제목	단독경보형 감지기에 내장된 건전지는 1 년에 몇 회 이상 교환해야 하는가?
js/gquiz.js	1	훅제목	옥외 소화전의 호스 접결구는 소방대상물의 각 부분으로부터 하나의 호스 접결구까지의 수평 거리가 몇 m 이하가 되도록 설치하는가?
js/gquiz.js	1	훅제목	소방시설의 자체점검은 작동기능점검과 종합정밀점검으로 구분하고, 각 몇 회 이상 점검을 하여야 하는가?
js/gquiz.js	1	훅제목	원자번호가 19이며 원자량이 39인 K(칼륨)원자의 원자핵에는 중성자와 양자수는 각각 몇개인가?
js/gquiz.js	1	과장	마개를 꼭 막아 둘 것.
js/gquiz.js	1	훅제목	자연발화성 약품은 화재예방상 한 번에 몇 g 이상을 실험실에서 취급하지 않도록 하는가?
js/gquiz.js	1	훅제목	730mmHg, 100℃에서 257mL 부피의 용기속에 어떤 기체가 채워져있다. 그 무게는 1.67g이다. 이 물질의 분자량은 얼마인가?
js/gquiz.js	1	훅제목	한 고체 유기물질을 정제 하려고 할 때 정제과정에서 이 물질에 순수한 상태로 되었나를 알아보기 위한 조사 방법으로 가장 정확한 방법은 무엇인가?
js/gquiz.js	1	훅제목	질산은(AgNO3)수용액에 2F의 전기량을 통하였을때 음극에서 석출하는 은(Ag)은 몇 g 당량인가?
js/gquiz.js	1	훅제목	C2H6(g)→2C(s)+3H2(g) △H=+20.4㎉, 2C(s)+202(g)→2CO2(g) △H=-188.0㎉, 3H2(g)+2/3O2(g)→3H2O(g)△H=-173.0㎉ 일 때 에탄이 산소중에서 타서 CO2와 수증기로 될 때의 연소열을 계산하면?
js/gquiz.js	1	과장	아미노산이 꼭 포함하고 있는 원자단만을 짝지어 놓은 것은?
js/gquiz.js	1	훅제목	우유와 같이 액체가 분산되어 있을 때를 무엇이라고 하는가?
js/gquiz.js	1	훅제목	물분무 소화설비 중 배수설비(차고,주차장)에서 차량이 주차하는 바닥은 배수구를 향하여 얼마 이상의 기울기를 유지하여야 하는가?
js/gquiz.js	1	훅제목	유류화재에 소화효과가 뛰어난 포소화설비에서 동결우려가 있는 장소의 경우 어떤 소방설비와 연동되도록 설치하여야 하는가?
js/gquiz.js	1	과장	저장 용기는 마개로 꼭 막아둔다.
js/gquiz.js	1	훅제목	0.001㏖/L NaOH 수용액의 pH는 얼마인가?
js/gquiz.js	1	훅제목	황산구리 수용액에 1.93[A]의 전류를 통할때 매초 음극에서 석출되는 Cu 의 원자수를 구하면 약 몇 개가 존재하는가?
js/gquiz.js	1	훅제목	Na2CO3ㆍ10H2O을 건조한 공기중에 놓아두면 일부분의 결정수를 잃어 Na2CO3ㆍH2O의 조성으로 된다. 이와 같은 현상을무엇이라 하는가?
js/gquiz.js	1	훅제목	비누의 분자식중 소수성(기름과 친한 성질)의 원자단은 어느 것인가?
js/gquiz.js	1	훅제목	상온에서 무색의 액체상태의 유기화합물을 에탄올과 반응 시켰더니 에스테르를 형성하였으며, 페엘링 용액과 반응 시켰더니 붉은 침전이 생겼다. 또한 진한황산과 함께 가열하였더니 일산화탄소가 발생하였다. 이 화합물은 무엇인가?
js/gquiz.js	1	훅제목	다음 관능기(작용기) 중에서 메틸(methyl)기는 어느 것인가?
js/gquiz.js	1	훅제목	비누나 두부를 만들 때 진한 소금물이나 간수를 가하는 것은 콜로이드의 어떤 성질을 이용한 것인가?
js/gquiz.js	1	훅제목	Fe(CN)64-와 4개의 K+이온으로 이루어진 물질 K4[Fe(CN)6]을 무엇이라고 하는가?
js/gquiz.js	1	훅제목	옥내소화전 설비의 수원은 옥내 소화전의 설치 개수가 가장 많은 층의 설치 개수(5 이상인 경우에는 5개)에 몇m3 을 곱한 양 이상으로 확보하여야 하는가?
js/gquiz.js	1	과장	연소 시 발생하는 다량의 유독성 가스의 흡입을 방지하기 위하여 반드시 공기호흡기를 착용한다.
js/gquiz.js	1	훅제목	자동화재 탐지 설비중 지하구에 있어서 하나의 경계구역의 길이는 얼마 이하로 하여야 하는가?
js/gquiz.js	1	훅제목	옥내저장소의 피뢰설비는 지정수량의 몇 배 이상 저장 설치하는가?
js/gquiz.js	1	훅제목	아래 위험물들을 작업자가 취급하다 실수로 물과 접촉하였다. 이 때 에탄(g)이 발생되는 물질은 어느 것인가?
js/gquiz.js	1	훅제목	수소 2.24L가 염소와 완전히 반응했다면 표준 상태에서 생성한 염화수소의 부피는 몇 L가 되는가?
js/gquiz.js	1	훅제목	0.1M HCl 10mL을 중화시키는데 필요한 0.05M NaOH 수용액의 부피는 얼마인가?
js/gquiz.js	1	훅제목	니트로벤젠을 수소로써 환원하면 생성되는 물질은 어느 것인가?
js/gquiz.js	1	훅제목	다수인이 모일 수 있는 공공의 장소(중요 문화재)의 연면적이 1,000m2 일 경우 비치하는 소화기구의 능력단위는 얼마 이상이어야 하는가?
js/gquiz.js	1	훅제목	홈워터 스프링클러헤드에서 가압송수장치는 1분당 몇 ℓ이상 방사할 수 있도록 하여야 하는가?
js/gquiz.js	1	훅제목	소형수동식소화기는 소방대상물의 각 부분으로 부터 얼마이내에 배치하여야 하는가?
js/gquiz.js	1	훅제목	할로겐화합물 소화설비의 방화대상물이 제4류 위험물인 이황화탄소(CS2)인 경우 소화약제 저장량의 몇 배에 해당 하는 양의 소화약제를 저장하여야 하는가?
js/gquiz.js	1	훅제목	제1류 위험물 중 무기과산화물 150㎏, 질산염류 150㎏, 중크롬산염류 3000㎏을 저장하려 한다. 지정수량의 몇 배 인가?
js/gquiz.js	1	훅제목	규조토에 어떤 위험물을 흡수시켜 다이나마이트를 제조하는가?
js/gquiz.js	1	훅제목	pH = 9인 NaOH 용액 10L 중에 Na+ ion의 수는 몇개인가?
js/gquiz.js	1	훅제목	노란색(황색)의 불꽃반응을 나타내며, 수용액에 AgNO3용액을 넣었더니 흰색침전이 생겼다. 이 물질은 무엇인가?
js/gquiz.js	1	훅제목	탄소수가 5개인 포화탄화수소 펜탄의 구조이성질체 수는 몇 개인가?
js/gquiz.js	1	훅제목	FeCl3의 존재하에서 톨루엔과 염소를 반응시키면 어떤 물질이 생기는가?
js/gquiz.js	1	훅제목	산칼륨의 용해도는 10[℃]에서 20, 100 [℃]에서 247이다. 100[℃]에서 100[g]의 물에 질산칼륨을 포화시킨후 10[℃]로 냉각시키면 몇[g]의 질산칼륨의 석출되는가?
js/gquiz.js	1	훅제목	pH가 2 인 용액은 pH가 4인 용액의 수소이온농도와 비교하여 몇 배의 용액이 되는가?
js/gquiz.js	1	훅제목	다음 중 비극성 분자는 어느 것인가?
js/gquiz.js	1	훅제목	탄화칼슘 60,000㎏ 를 소요단위로 산정하면?
js/gquiz.js	1	훅제목	간이 소화용구인 팽창질석은 삽을 상비한 경우 1 단위는 몇 L 인가?
js/gquiz.js	1	훅제목	자연발화성 물질인 트리에틸알루미늄이 물과 접촉하면 어떤 가스가 발생하는가?
js/gquiz.js	1	훅제목	다음 위험물중 톨루엔에 질산, 황산을 반응시켜 생성되는 물질로서, 니트로글리세린과 달리 장기간 저장해도 자연분해 할 위험 없이 안전한 것은 무엇인가?
js/gquiz.js	1	훅제목	CS2를 물속에 저장하는 주된 이유는 무엇인가?
js/gquiz.js	1	훅제목	위험물 옥내 저장소의 피뢰설비는 지정수량의 몇 배 이상 인 경우 저장 창고에 설치해야 하는가?
js/gquiz.js	1	훅제목	2품명 이상의 위험물을 동일장소 또는 시설에서 제조 저장 및 취급하는 경우 위험물의 환산시 합계가 얼마 이상이 될 때 지정 수량이상의 위험물로 보는가?
js/gquiz.js	1	훅제목	금속분류는 산과 반응하여 어떤 기체를 발생시키는가?
js/gquiz.js	1	훅제목	단백질의 검출에 사용되는 것으로서 단백질에 진한 질산을 가하면 노란색으로 변하고 알칼리를 작용시키면 오렌지색으로 변하는 반응을 무슨 반응이라 하는가?
js/gquiz.js	1	훅제목	수소 1g과 산소 16g의 혼합기체에 연소시켜 물을 만들었다. 이 때 반응하지 않고 남은 기체의 부피는 0℃, 1기압에서 얼마인가?
js/gquiz.js	1	과장	염소산칼륨을 가열하면 다음의 반응이 일어난다. 2KClO3 ⇄ 2KCl + 3O2 이 반응을 이용하여 실제로 산소를 발생시키기 위해 MnO2를 가하는 이유를 가장 올바르게 설명한 것은?
js/gquiz.js	1	훅제목	사방황, 단사황 등이 동소체임을 알아보기 위한 실험으로 가장 좋은 방법은 어느것인가?
js/gquiz.js	1	훅제목	탄화칼슘 60,000㎏ 의 소화설비의 설치 소요단위는 몇 단위 인가?
js/gquiz.js	1	훅제목	위험물 저장소의 건축물로서 외벽이 내화구조로 된 것은 연면적 몇 m2 를 소요단위 1 단위로 하는가?
js/gquiz.js	1	훅제목	전역방출방식의 분말소화설비에서 분사헤드의 방사압력은 (MPa)얼마 이상이어야 하는가?
js/gquiz.js	1	훅제목	암모니아 합성때 수소 12L와 질소 12L가 반응이 완료된 후 남은 기체의 명칭과 양은 얼마인가?
js/gquiz.js	1	훅제목	분자식이 C16H28인 탄화수소의 분자중에는 2중 결합이 몆개 있는가?
js/gquiz.js	1	훅제목	다음 작용기 중에서 메틸(methyl)기는 어느 것인가?
js/gquiz.js	1	훅제목	분자를 이루고 있는 원자단을 나타내며 그 분자의 특성을 밝힌 화학식을 무엇이라 하는가?
js/gquiz.js	1	훅제목	소화난이도 등급 Ⅱ의 제조소 및 일반취급소는 연면적이 얼마 이상을 말하는가?
js/gquiz.js	1	훅제목	특정옥외저장탱크의 지반의 범위는 지표면으로부터 얼마의 깊이(m) 까지를 말하는가?
js/gquiz.js	1	훅제목	준특정옥외탱크저장소는 저장 또는 취급하는 액체위험물의 최대수량이 얼마인가?
js/gquiz.js	1	과장	소각할 때는 반드시 감시원의 감독하에 실시한다.
js/gquiz.js	1	훅제목	위험물 제조소등의 안전거리의 단축기준과 관련해서 방화상 유효한 벽의 높이는 H≤PD2+ a인 경우 h=2로 계산한다. 여기서 a는 무엇인가?
js/gquiz.js	1	훅제목	AT(아스탄틴)의 원소가 α-선을 방출하면서 방사선 붕괴가 일어났다. 이 때 얻어지는 핵종은 어느것인가?
js/gquiz.js	1	훅제목	탄소와 모래를 전기로에 넣어서 가열하면 연마제로 쓰이는 물질이 생긴다. 다음 중 어느 것인가?
js/gquiz.js	1	훅제목	알칸계 탄화수소인 부탄(C4H10)의 수소 한 원자가 염소와 치환될 때 생기는 구조이성체의 수는 몇 가지인가?
js/gquiz.js	1	훅제목	한 고체 유기물질을 정제하려고 할 때 정제과정에서 이 물질에 순수한 상태로 되었나를 알아보기 위한 조사 방법으로 가장 정확한 방법은 무엇인가?
js/gquiz.js	1	훅제목	다음 중 상온에서 액체상태인 포화탄화수소의 탄소는 얼마인가?
js/gquiz.js	1	훅제목	놋그릇을 공기중에 놓아두면 푸른색의 녹이 슨다. 이 화합물은 어느 것인가?
js/gquiz.js	1	훅제목	화학적 성질이 활발한 금속일수록 다음 중 어떤 성질이 강한 것인가?
js/gquiz.js	1	훅제목	유기 화합물 간의 반응이 무기 화합물 간의 반응에 비하여 일반적으로 반응이 느린 이유는 무엇인가?
js/gquiz.js	1	훅제목	특정옥외탱크저장소라 함은 저장 또는 취급하는 위험물의 최대수량이 얼마 이상의 것을 말하는가?
js/gquiz.js	1	훅제목	분말 소화기의 약제 중 탄산수소칼륨과 요소와의 반응물로 한 것은 제 몇 종 분말인가?
js/gquiz.js	1	훅제목	가압식의 분말소화설비에는 얼마 이하의 압력으로 조정할 수 있는 압력조정기를 설치하여야 하는가?
js/gquiz.js	1	훅제목	제4류 위험물 옥외저장탱크 중 대기밸브부착 통기관은 몆kPa 이하의 압력차이로 작동할 수 있어야 하는가?
js/gquiz.js	1	훅제목	소독제로 사용하는 옥시풀은 약 몇 %의 과산화수소를 말하는가?
js/gquiz.js	1	훅제목	특수인화물:300L, 알콜올류:400L, 제1석유류(비수용성액체):200L를 저장하고 있을 경우 환산 지정수량은 몇배인가?
js/gquiz.js	1	훅제목	법령상 소화설비의 설치기준 중 위험물의 소요단위 계산은 1소요단위가 지정수량의 몇 배인가?
js/gquiz.js	1	훅제목	0.0016N에 해당하는 염기의 pH값은 얼마인가?
js/gquiz.js	1	훅제목	CH4, NH3 및 H2O의 결합각은 각각 109°, 107°, 105° 의 순으로 작아진다. 그 이유는 무엇인가?
js/gquiz.js	1	훅제목	다음 중 순수한 물질로만 구성되어 있는가를 알고자 할 때는 어느 것을 조사해야 하는가?
js/gquiz.js	1	훅제목	어떤 온도에서 0.1M의 아세트산의 이온화도(α)는 1%이다. 이때 수소이온농도(또는 H3O+)는 몇 M인가?
js/gquiz.js	1	훅제목	원자번호 35인 브롬의 원자량은 80 이다. 브롬의 중성자수는 몇개인가?
js/gquiz.js	1	훅제목	위험물 중에서 염소산염류와 같은 산화성고체는 제 몇류 위험물에 속하는가?
js/gquiz.js	1	훅제목	어떤 금속의 원자가가 +3가이며 그 산화물의 조성은 금속이 52.94%이다. 금속의 원자량은 얼마인가?
js/gquiz.js	1	훅제목	0 K(절대영도)에서 완전한 결정을 이루고 있는 물질의 엔트로피는 0 인 것은 열역학 제 몇 법칙을 의미하는가?
js/gquiz.js	1	훅제목	경유 1000m3를 저장하는 탱크의 소요단위를 구하면?
js/gquiz.js	1	훅제목	복합용도 건축물의 옥내저장소의 기준에서 옥내저장소의 용도에 사용되는 부분의 바닥면적은 얼마 이하이아여 하는가?
js/gquiz.js	1	훅제목	제조소 등의 피뢰설비는 지정수량의 몇 배 이상인 경우에 설치하는가?
js/gquiz.js	1	훅제목	과망간산칼륨 2분자가 중성 또는 알칼리성과 반응하면 몇 원자의 산소를 방출하는가?
js/gquiz.js	1	훅제목	위험물을 운반하는 자가 알킬알루미늄 또는 알킬리튬을 운반하고자 하는 경우에는 규정에 의하여 기재한 서면을 누구에게 제출하여야 하는가?
js/gquiz.js	1	훅제목	어느 전해질 5몰이 녹아있는 용액 속에서 그 중 0.2몰이 전리되었다면 그 전리도는 얼마인가?
js/gquiz.js	1	훅제목	농도를 모르는 산의 용액 A 가 있다. 이것을 20ml 취하여 0.4N의 염기의 용액 B를 15.4ml 가하니 알칼리성으로 되었다. 다시 0.2N의 산의 용액 C를 2.8ml 넣으니 정확히 중화되었다면 최초의 산(A)의 농도(N)은 얼마인가?
js/gquiz.js	1	훅제목	AgCl의 용해도는 1.12*10-5 mol/L 이다. AgCl의 용해도 적은 얼마인가?
js/gquiz.js	1	훅제목	N2(g)+ 3H2(g) 2NH3(g)이 반응계의 압력을 증가시키면 반응은 어떤 영향이 나타나는가?
js/gquiz.js	1	훅제목	H2O가 H2S보다 비등점이 높은 이유는 무엇인가?
js/gquiz.js	1	과장	반드시 건조되어 있을 것
js/gquiz.js	1	훅제목	하론 2402를 소화약제로 사용하는 이동식 할로겐화물 소화설비는 20도의 온도에서 하나의 노즐마다 분당 방사되는 소화약제의 양[Kg]은 얼마 이상으로 하여야 하는가?
js/gquiz.js	1	훅제목	물 분무설비에 있어서 분무에 의한 유류의 표면에 얇은 수성막을 형성하여 유면을 덮는 작용을 무엇이라 하는가?
js/gquiz.js	1	훅제목	저장소 건축물의 외벽이 내화구조인 것은 연면적 얼마를 1 소요단위로 하는가?
js/gquiz.js	1	훅제목	전역방출방식의 할로겐 화합물 소화설비의 분사헤드에서 하론 1211을 방사하는 경우의 방사압력은 얼마이상으로 하여야 하는가?
js/gquiz.js	1	훅제목	옥내 소화전 설비를 설치함에 있어 큐비클식 비상전원전용 수전설비는 당해 수전설비의 전면에 폭 얼마 이상의 공지를 보유하여야 하는가?
js/gquiz.js	1	훅제목	다음 위험물 중 톨루엔에 질산, 황산을 반응시켜 생성되는 물질로서 니트로글리세린과 달리 장기간 저장해도 자연분해 할 위험 없이 안전한 것은 무엇인가?
js/gquiz.js	1	훅제목	중화적정 실험 중 미지농도 황산 20mL에 실험자의 실수로 1N-HCl 25mL을 넣었다. 이때 두 혼합산을 중화하는데 3N-NaOH 용액 40mL가 소비되었다면 황산의 농도는 몇 N인가?
js/gquiz.js	1	훅제목	어떤 원자핵에서 양성자의 수가 3이고, 중성자의 수가 2 일 때 질량수는 얼마인가?
js/gquiz.js	1	훅제목	오존 분자 (O3) 2개의 분해 되면 산소 분자 3개가 생긴다. 오존 분자 3.01*1023개가 분해되었을 때 생성되는 산소 기체의 부피는 표준상태에서 몇 L인가?
js/gquiz.js	1	훅제목	위험물 안전관리법상 연소의 우려가 있는 위험물 제조소의 외벽은 어떤구조(재료)로 설치하여야 하는가?
js/gquiz.js	1	훅제목	전역방출방식의 할로겐화물소화설비 중 하론 1301을 방사하는 분사헤드의 방사압력은 얼마 이상이어야 하는가?
js/gquiz.js	1	훅제목	옥외소화전의 개폐밸브 및 호스 접속구는 지면으로부터 몇m 이하의 높이에 설치해야 하는가?
js/gquiz.js	1	훅제목	어떤 공장에서 아세톤과 메탄올을 18 L용기에 각각 10개, 등유를 200L 드럼으로 3드럼을 저장하고 있다면 지정수량의 몇 배 인가?
js/gquiz.js	1	훅제목	고체위험물의 운반 시 내장용기가 금속제인 경우에 당해 내장용기의 최대 용적은 얼마인가?
js/gquiz.js	1	훅제목	프로판 1몰을 완전연소 하는데 필요한 산소의 이론양을 표준상태에서 계산하면 몇 L가 되는가?
js/gquiz.js	1	훅제목	지시약으로 사용되는 페놀프탈레인 용액은 산성에서 어떤 색을 띠는가?
js/gquiz.js	1	훅제목	C2H6(g) → 2C(s) + 3H2(g) △H= +20.4㎉ 2C(s)+202(g) → 2CO2(g) △H= -188.0㎉ 3H2(g)+3/2O2(g) → 3H2O(g) △H= -173.0㎉ 일때 에탄이 산소 중에서 연소하여 CO2와 수증기로 될 때의 연소열을 계산하면 약 얼마인가?
js/gquiz.js	1	훅제목	제조소등의 소화설비의 기준에서 전역방출방식 분말소화설비의 분사헤드는 소화약제의 양을 몇 초 이내에 균일하게 방사해야 하는가?
js/gquiz.js	1	훅제목	옥내소화전이 가장 많이 설치된 층의 옥내소화전 설치개수가 2개이다. 소화설비의 설치 기준에 의하면 수원의 수량은 얼마 이상이 되어야 하는가?
js/gquiz.js	1	훅제목	CS2는 화재 예방을 위하여 액면 위에 무엇을 채워두며, 그 목적은 무엇인가?
js/gquiz.js	1	훅제목	제조소등의 소화설비의 기준에서 옥내소화전의 개폐밸브는 바닥면으로 부터 얼마의 높이 이하에 설치하여야 하는가?
js/gquiz.js	1	훅제목	CTC는 다음 중 어떤 소화약제의 약칭인가?
js/gquiz.js	1	훅제목	황린이 연소할 때 생기는 희색의 연기는 무엇인가?
js/gquiz.js	1	훅제목	알킬리튬 30kg, 유기금속화합물 100kg, 금속수소화물 600kg에 있어서 각 지정수량 배수의 총합은 얼마인가?
js/gquiz.js	1	훅제목	어떤 방사성 원소를 함유하는 비료를 식물에 주었더니 며칠 후에 새로 나온 잎에서 방사능이 검출되었다. 비료속의 방사성 원소는 β선을 방출하는 S 로 변한다. 이 방사성 원소는 무엇인가?
js/gquiz.js	1	훅제목	불꽃반응에서 노락색을 나타내는 용질을 녹인 무색 용액에 질산은 용액을 첨가하였더니 백색 침전이 생겼다. 이 용액의 용질은 다음 중 무엇인가?
js/gquiz.js	1	훅제목	휘발성 유기물 1.39g을 증발시켰더니 100°C, 760mmHg에서 420mL였다. 이 물질의 분자량은 약 얼마인가?
js/gquiz.js	1	훅제목	NaCl 의 결정계는 다음 중 무엇에 해당되는가?
js/gquiz.js	1	훅제목	산성을 띠며 염화철(Ⅲ) 수용액을 넣으면 정색반응을 띠는 물질은 어느 것인가?
js/gquiz.js	1	훅제목	황산 196g으로 1M - H2SO4 용액을 몇 mL 만들 수 있는가?
js/gquiz.js	1	훅제목	드라이 아이스 1kg 이 완전히 기화하면 약 몇 몰의 탄산가스가 되겠는가?
js/gquiz.js	1	훅제목	소방대상물의 옥내 소화전을 각 층에 8개씩 설치하도록 할 때 수원의 최소 수량은 얼마인가?
js/gquiz.js	1	훅제목	옥내소화전설비의 기준에서 가압송수장치의 시동을 알리는 표시등은 무슨 색으로 하여야 하는가?
js/gquiz.js	1	훅제목	다음 중 강화액에 주로 용해시킨 물질은 무었인가?
js/gquiz.js	1	훅제목	위험물 제조소등의 안전거리의 단축기준과 관련해서 H ≤ PD2 + a 인 경우 방화상 유효한 담의 높이는 2m 로 한다. 여기서 a 는 무엇인가?
js/gquiz.js	1	훅제목	간이탱크저장소의 위치ㆍ구조 및 설비의 기준에서 간이저장탱크 1개의 용량은 몇 L 이하 이어야 하는가?
js/gquiz.js	1	훅제목	옥내저장소에서 위험물 용기를 겹쳐 쌓는 경우에 있어서 제4류 위험물 중 제3석유류만을 수납하는 용기를 겹쳐 쌓을 수 있는 높이는 최대 몇 m 인가?
js/gquiz.js	1	과장	다음 위험물의 적재 시 반드시 차광성이 있는 피복으로 가리지 않아도 되는 것은?
js/gquiz.js	1	훅제목	과산화수소는 위험물로 분류되지만 농도를 조절하여 소독제로 사용하기도 한다. 일반적으로 소독제로 사용하는 옥시돌의 과산화수소 농도는 약 몇 % 인가?
js/gquiz.js	1	훅제목	제1류 위험물 중 무기과산화물 150kg, 질산염류 300kg, 중크롬산염류 3000kg 을 저장하려 한다. 각각 지정수량의 배수의 합은 얼마인가?
js/gquiz.js	1	훅제목	고체 유기물질을 정제하는 과정에서 이 물질이 순수한 상태인지를 알아보기 위한 조사 방법으로 다음 중 가장 적합한 방법은 무엇인가?
js/gquiz.js	1	훅제목	어떤 원자의 K, L, M 전자껍질에 전자가 완전히 채워진다면 이 원자가 가지는 전자의 총 수는 몇 개 인가?
js/gquiz.js	1	훅제목	0.05[몰/L]의 H2SO4 수용액의 pH는 얼마인가?
js/gquiz.js	1	훅제목	벤젠에 수소 원자 한개는 -CH3기로, 또 다른 수소원자 한개는 -OH기로 치환되었다면 이성질체 수는 몇 개 인가?
js/gquiz.js	1	훅제목	NA2CO3*10H2O 을 전조한 공기 중에 놓아두면 일부분의 결정수를 잃어 NA2CO3*H2O의 조성으로 된다. 이와 같은 현상을 무엇이라 하는가?
js/gquiz.js	1	훅제목	탄소, 수소, 산소로 되어있는 유기화합물 15g이 있다. 이것을 완전 연소시켜 CO2 22g, H2O 9g를 얻었다. 처음 물질 중 산소는 몇 g 있었는가?
js/gquiz.js	1	훅제목	CO2 44g 을 만들려면 C3H8분자가 약 몇 개 완전 연소해야 하는가?
js/gquiz.js	1	훅제목	요소 6g 을 물에 녹여 1000L 로 만든 용액의 27'C 에서의 삼투압은 약 몇 atm인가?
js/gquiz.js	1	훅제목	어떤 기체의 확산 속도는 SO2의 2배 이다. 이 기체의 분자량은 얼마인가?
js/gquiz.js	1	훅제목	95Wt%황산의 비중은 1.84이다. 이 황산의 몰 농도는 약 얼마인가?
js/gquiz.js	1	훅제목	질산칼륨의 물에 대한 용해도는 40'c 와 10'C에서 각각 60과 20이다. 40'c 에서 포화용액 800g을 만들어 10'C까지 냉각하면 몇 g의 질산칼륨이 석출하겠는가?
js/gquiz.js	1	훅제목	정전기를 유효하게 제거하는 방법에서 공기중의 상대 습도는 몇 % 이상 되게 하여야 하는가?
js/gquiz.js	1	훅제목	위험물 제조소에 \"화기주의\"라고 표시한 게시판을 설치하는 경우 몇 류 위험물의 제조소인가?
js/gquiz.js	1	훅제목	옥내소화전설비의 기준에서 큐비클식 비상전원 전용수전설비는 당해 수전설비의 전면에 폭 얼마이상의 공지를 보유하여야하는가?
js/gquiz.js	1	훅제목	1기압, 100'c 에서 물 36g 이 모두 기화되었다. 생성된 기체는 약 몇 L 인가?
js/gquiz.js	1	훅제목	94%드라이아이스 100g 은 표준상태에서 몇 L의 CO2가 되는가?
js/gquiz.js	1	훅제목	분말소화설비는 분말 소화설비의 기준에서 정하는 소화약제의 약을 몇 초 이내에 균일하게 방사하여야 하는가?
js/gquiz.js	1	훅제목	강화액 소화기에 한냉지역 및 겨울에도 얼지 않도록 첨가하는 물질은 무엇인가?
js/gquiz.js	1	훅제목	옥내저장탱크와 탱크전용실의 벽 사이 및 옥내저장탱크 상호간에는 몇 M 이상의 간격을 유지하여야 하는가?
js/gquiz.js	1	훅제목	테레핀유의 인화점은 약 몇 'c 인가?
js/gquiz.js	1	과장	P4S3은 회색의 비결정성 분말로 자연발화성이 있으므로 습기와 산화제의 접촉을 피한다.
js/gquiz.js	1	훅제목	제 2류 위험물은 어떤 성질의 물질인가?
js/gquiz.js	1	훅제목	질산염류 90KG, 유황20KG ,등유2000L, 실린더유3000L 를 저장하고 있을 경우 각각의 지정수량의 배수의 총합은 얼마인가?
js/gquiz.js	1	훅제목	2기압의 수소 2L와 3기압의 산소 4L를 동일 온도에서 5L의 용기에 넣으면 전체 압력은 몇 기압인가?
js/gquiz.js	1	훅제목	표준상태에서 수소의 밀도는 몇 g/L 인가?
js/gquiz.js	1	훅제목	0.1N HCl 100mL 용액에 수산화나트륨 0.32g 을 넣고 물을 첨가하여 1L로 만든 용액의 pH 값은 약 얼마인가?
js/gquiz.js	1	훅제목	25℃에서 83% 해리된 0.1N HCl 의 pH는 얼마인가?
js/gquiz.js	1	훅제목	불순물로 식염을 포함하고 있는 NaOH 3.2g을 물에 녹여 100mL로 한 다음 그 50mL를 중화하는데 1N의 염산이 20mL필요했다. 이 NaOH의 순도는 약 몇 wt%인가?
js/gquiz.js	1	훅제목	벤젠의 수소 2개를 염소로 치환한 디클로로벤젠의 구조 이성질체 수는 몇 개인가?
js/gquiz.js	1	훅제목	NaOH 용액 100mL속에 NaOH 10g이 녹아 있다면 이 용액은 몇 N 농도인가?
js/gquiz.js	1	과장	다음 화학반응식 중 실제로 반응이 오른쪽으로 진행되는 것은?
js/gquiz.js	1	훅제목	다음 물질 중 SP3 혼성 궤도 함수와 관계가 있는 것은 무엇인가?
js/gquiz.js	1	훅제목	고리구조를 갖지 않고 분자식이 C16H28인 탄화수소의 분자 중에는 2중 결합이 몇 개 있는가?
js/gquiz.js	1	훅제목	옥내탱크전용실에 설치하는 탱크 상호간에는 얼마의 간격을 두어야 하는가?
js/gquiz.js	1	훅제목	위험물안전관리에 과한 세부기중에서 개방형스프링클러 헤드를 이용하는 스프링클러설비에서 설치하는 수동식 개방밸브를 개방 조작하는데 필요한 힘은 몇kg 이하가 되도록 설치하여야 하는가?
js/gquiz.js	1	훅제목	분말소화약제인 탄산수소나트륨 10kg이 1기압.270℃에서 방사되엇을 때 발생하는 이산화탄소의 양은 약 몇 m3 인가?
js/gquiz.js	1	훅제목	위험물을 취급하는 건축물의 옥내 소화전이 1층에 6개, 2층에 5개, 3층에 4개가 설치되었다. 이 때 수원의 수량은 몇 m3 이상이 되도록 설치하여야 하는가?
js/gquiz.js	1	훅제목	중유의 주된 연소 형태는 다음 중 어느 것인가?
js/gquiz.js	1	훅제목	판매취급소의 위치ㆍ구조 및 설비의 기준에서 위험물을 배합하는 실의 바닥 면적은 얼마로 하여야 하는가?
js/gquiz.js	1	훅제목	1기압 27℃ 에서 아세톤 58g 을 완전히 기화시키면 부피는 약 몇 L 가 되는가?
js/gquiz.js	1	훅제목	0.1N-HCl 1.0mL를 물로 희석하여 1000mL로 하면 pH는 얼마가 되는가?
js/gquiz.js	1	훅제목	다음 중에서 산성 산화물은 어느 것인가?
js/gquiz.js	1	훅제목	콜로이드 용액 중 소수콜로이드는 어느 것인가?
js/gquiz.js	1	훅제목	25℃ 에서 어떤 물질이 포화용액 90g 속에 30g 녹아 있다. 같은 온도에서 이 물질의 용해도는 얼마인가?
js/gquiz.js	1	훅제목	반감기가 5일인 비지 사료가 2g 있을 때 10일이 경과하면 남은 양은 몇 g 인가?
js/gquiz.js	1	훅제목	20%의 소금물을 전기분해하여 수산화나트륨 1몰을 얻는 데는 1A의 전류를 몇 시간 통해야 하는가?
js/gquiz.js	1	훅제목	네슬러 시약에 의하여 적갈색으로 검출되는 물질은 어느 것인가?
js/gquiz.js	1	훅제목	어떤 금속의 원자가는 2가이며, 그 산화물의 조성은 금속이 80wt% 이다. 이 금속의 원자량은 얼마인가?
js/gquiz.js	1	훅제목	에틸에테르는 에탄올과 진한 황산의 혼합물을 가열하여 제조할 수 있는데 이것을 무슨 반응이라고 하는가?
js/gquiz.js	1	훅제목	산ㆍ알칼리소화기에서 외통에는 주로 어떤 화학물질이 채워져 있는가?
js/gquiz.js	1	훅제목	어떤 가연물의 착화에너지가 24cal 일 때, 이것을 일 에너지의 단위로 환산하면 약 몇 Joule 인가?
js/gquiz.js	1	훅제목	특정옥외저장탱크의 지반의 범위는 기초는 외측이 지표면과 접하는 선의 범위 내에 있는 지반으로서 지표면으로부터 깊이 몇 m 까지로 하는가?
js/gquiz.js	1	훅제목	단층건물로 된 위험물제조소에 8개의 옥내소화전을 설치할 경우 필요한 최소방수량은 몇 m3/분 인가?
js/gquiz.js	1	훅제목	휘발유 10000L 에 해당하는 소요단위는 얼마인가?
js/gquiz.js	1	훅제목	염소산칼륨과 염소산나트륨을 각각 가열하여 열분해 시킬때 공통적으로 발생하는 것은 무엇인가?
js/gquiz.js	1	훅제목	위험물 옥내 저장소의 피뢰설비는 지정수량의 최소 몇 배 이상인 저장 창고에 설치하도록 하고 있는가?
js/gquiz.js	1	훅제목	특정옥외저장탱크를 원통형으로 설치하고자 한다. 지면으로부터의 높이가 9m 일 때 이 탱크가 받는 풍하중은 1m2당 얼마 이상으로 계산하여야 하는가?
js/gquiz.js	1	훅제목	질소와 수소로부터 암모니아를 합성하려고 한다. 표준상태에서 수소 22.4L를 반응시켰을 때 생성되는 NH3의 질량은 약 몇g 인가?
js/gquiz.js	1	훅제목	황산 98g 으로 0.5M의 H2SO4 를 몇 mL 만들 수 있는가?
js/gquiz.js	1	훅제목	0.01N의 HCl 수용액 40mL에 NaOH 수용액으로 중화적정실험을 하였더니 NaOH 20mL가 소모되었다. 이 때 NaOH의 농도는 몇 N 인가?
js/gquiz.js	1	훅제목	질량수 52 인 크롬의 중성자수와 전자수는 각각 몇 개인가?
js/gquiz.js	1	훅제목	금속(M) 산화물 3.04g을 환원하여 2.08g의 금속을 얻었다. 원자량이 52라면 이 산화물의 화학식은 어떻게 표시되는가?
js/gquiz.js	1	훅제목	가연물이 연소될 때 소화를 위한 평균적인 한계산소량은 약 얼마정도 인가?
js/gquiz.js	1	훅제목	2층 건물의 위험물제조소에 옥내소화전설비를 설치할 때 한 층에 3개씩의 소화전을 설치한다면 수원의 수량은 몇 m3 이상 이어야 하는가?
js/gquiz.js	1	훅제목	소화난이도등급 Ⅱ의 옥내탱크저장소에는 대형수동식 소화기를 몇 개 이상 설치하여야 하는가?
js/gquiz.js	1	과장	제2류 위험물 중 인화성고체의 운반용기 외부에 반드시 표시하여야 할 주의사항으로 옳은 것은?
js/gquiz.js	1	훅제목	팽창질석(삽 1개 포함)은 용량이 몇 L일 때 능력단위가 1.0 이 되는가?
js/gquiz.js	1	훅제목	동식물유는 요오드값에 따라 건성유, 반건성유, 불건성유로 분류한다. 일반적으로 건성유의 요오드값 기준은 얼마인가?
js/gquiz.js	1	과장	제1류 위험물 중 알칼리금속의 과산화물 운반 용기에 반드시 표시하여야 할 주의사항을 모두 옳게 나열한 것은?
js/gquiz.js	1	훅제목	에틸알코올의 인화점은 약 몇 ℃ 인가?
js/gquiz.js	1	훅제목	0.1N HCl 10ml를 90ml 의 증류수에 희석하였다. 이용액의 pH 값은 얼마인가?
js/gquiz.js	1	훅제목	1기압 27℃에서 어떤 기체 2g 의 부피가 0.82L 이다. 이 기체의 분자량은 약 얼마인가?
js/gquiz.js	1	훅제목	농도를 모르는 황산 용액 20ml 가 있다. 이것을 중화 시키려면 0.2N 의 NaOH 용액이 10ml 가 필요하다. 황산의 몰농도는 몇 M 인가?
js/gquiz.js	1	말줄임	다음 중 원자가 전자의 배열이 ns2np3인 것으로만 나열된 것은? (단, n 은 2, 3, 4 .... 이다.)
js/gquiz.js	1	훅제목	2층으로 된 위험물 제조소의 각 층에 옥내 소화전이 각각 6개씩 설치되어 있다. 수원의 수량은 몇 m3 이상이 되어야 하는가?
js/gquiz.js	1	훅제목	옥내소화전은 위험물 제조소등의 건축물의 층마다 당해층의 각 부분에서 하나의 호스접속구까지의 수평거리가 몇 m 이하가 되도록 설치하는가?
js/gquiz.js	1	훅제목	전역방출방식 분말소화설비 분사헤드의 방사 압력은 몇 Mpa 이상인가?
js/gquiz.js	1	훅제목	클로로벤젠 300000L의 소요 단위는 얼마인가?
js/gquiz.js	1	훅제목	제4류 위험물 중 인화점이 21℃ 미만인 것을 저장하는 탱크에 고정식포소화설비를 설치하고자 한다. 포방출구가 Ⅰ 형인 경우 포수용액량은 몇 L/m2 인가?
js/gquiz.js	1	훅제목	복합용도 건축물의 옥내저장소의 기준에서 옥내저장소의 용도에 사용되는 부분의 바닥면적을 몇 m2 이하로 하여야 하는가?
js/gquiz.js	1	훅제목	다음 중 완전연소 할 때 자극성이 강하고 유독한 기체를 발생하는 물질은 어느 것인가?
js/gquiz.js	1	과장	위험물 제조소에는 “화기엄금” 및 “물기엄금” 주의사항을 표시한 게시판을 반드시 설치하여야한다.
js/gquiz.js	1	훅제목	A+2B→3C+4D와 같은 기초반응에서 A, B의 농도를 각각 2배로 하면 반응속도는 몇 배로 되겠는가?
js/gquiz.js	1	훅제목	어떤 방사능 물질의 반감기가 10년이라면 10g의 물질이 20년 후에는 몇 g 이 남는가?
js/gquiz.js	1	훅제목	96wt% H2SO4(A)와 60wt% H2SO4(B)를 혼합하여 80wt% H2SO4 100kg 만들려고 한다. 각각 몇 kg 씩 혼합하여야 하는가?
js/gquiz.js	1	훅제목	이동식 이산화탄소소화설비의 호스접속구는 모든 방호대상물에 대하여 당해 방호 대상물의 각 부분으로부터 하나의 호스접속구까지의 수평거리가 몇 m 이하가 되도록 설치하여야 하는가?
js/gquiz.js	1	훅제목	포소화설비의 기준에서 포헤드방식의 포헤드는 방호대상물의 표면적 몇 m2 당 1개 이상의 헤드를 설치해야 하는가?
js/gquiz.js	1	훅제목	위험물제조소등에서 옥내소화전이 가장 많이 설치된 층의 옥내소화전 설치개수가 6개일 때 수원의 수량은 몇 m3이상이 되어야 하는가?
js/gquiz.js	1	훅제목	인화칼슘이 물과 반응하면 어떤 가스가 발생하는가?
js/gquiz.js	1	훅제목	제3류 위험물제조소와 3백명 이상의 인원을 수용하는 영화상영관과의 안전거리는 몇 m 이상이어야 하는가?
js/gquiz.js	1	훅제목	규조토에 어떤 물질을 흡수시켜 다이너마이트를 제조하는가?
js/gquiz.js	1	훅제목	질산나트륨 90kg, 유황 20kg, 클로로벤젠 2000L 를 저장하고 있을 경우 각각의 지정수량의 배수의 총합은 얼마인가?
js/gquiz.js	1	과장	옥내저장소에서 반드시 자동화재탐지설비를 경보설비로 설치하여야 하는 대상은 지정수량 몇 배 이상을 저장 또는 취급하는 경우인가? (단, 지정수량 배수와 관련한 조건만 고려하며, 고인화점 위험물만을 저장 또는 취급하는 경우는 제외한다.)
js/gquiz.js	1	훅제목	중성원자가 무엇을 잃으면 양이온으로 되는가?
js/gquiz.js	1	훅제목	분자량이 120인 물질 12g을 물 500g에 녹였다. 이 용액의 몰랄농도는 몇 m인가?
js/gquiz.js	1	훅제목	1기압의 수소 2L와 3기압의 산소 2L를 동일 온도에서 5L의 용기에 넣으면 전체 압력은 몇 기압이 되는가?
js/gquiz.js	1	훅제목	공기 중의 상대습도를 높여 정전기를 유효하게 제거할 수 있는 설비를 설치하고자 한다. 공기 중의 상대 습도는 몇 % 이상 되게 하여야 하는가?
js/gquiz.js	1	훅제목	단층의 위험물제조소에 옥내소화전을 3개 설치하였을 때 수원의 수량은 몇 m3 이상이어야 하는가?
js/gquiz.js	1	훅제목	이동식분말소화설비에서 노즐 1개에서 매분당 방사하는 제1종 분말소화약제의 양은 몇 kg 이상으로 하여야 하는가?
js/gquiz.js	1	훅제목	폐쇄형스프링클러헤드에 관한 기준에 따르면 급배기용덕트 등의 긴변의 길이가 몇 m를 초과하는 것이 있는 경우에는 당해 덕트 등의 아래면에도 스프링클러 헤드를 설치해야 하는가?
js/gquiz.js	1	훅제목	표준상태에서 2kg의 이산화탄소가 모두 기체 상태의 소화약제로 방사될 경우 부피는 약 몇 L인가?
js/gquiz.js	1	과장	위험물 안전관리자를 반드시 선임하여야 하는 시설이 아닌 것은?
js/gquiz.js	1	과장	아산화탄소소화설비의 기준에서 저압식저장용기에 반드시 설치하도록 규정한 부품이 아닌 것은?
js/gquiz.js	1	훅제목	특정옥외탱크저장소라 함은 저장 또는 취급하는 액체 위험물의 최대수량이 몇 L 이상의 것을 말하는가?
js/gquiz.js	1	훅제목	산화프로필렌 300L, 메탄올 400L, 벤젠 200L를 저장하고 있는 경우 각각 지정수량배수의 총 합은 얼마인가?
js/gquiz.js	1	훅제목	이동탱크저장소의 용량이 19000L 일 때 탱크의 칸막이는 최소 몇 개를 설치해야 하는가?
js/gquiz.js	1	훅제목	미지농도의 염산 용액 100mL 를 중화하는데 0.2N NaOH용액 250mL가 소모되었다. 이 염산의 농도는 몇 N 인가?
js/gquiz.js	1	훅제목	다음 중 어떤 조건하에서 실제기체가 이상기체에 가깝게 거동하는가?
js/gquiz.js	1	훅제목	질산나트륨의 물 100g 에 대한 용해도는 80℃ 에서 148g, 20℃ 에서 88g이다. 80℃의 포화용액 100g 을 70g으로 농축시켜서 20℃로 냉각시키면, 약 몇 g의 질산나트륨이 석출되는가?
js/gquiz.js	1	훅제목	1패러데이(Faraday)의 전기량으로 물을 전기분해 하였을 때 생성되는 기체 중 산소 기체는 0℃, 1기압에서 몇 L인가?
js/gquiz.js	1	훅제목	15wt%의 식염수 100g을 가열해서 질량이 처음의 2/5로 되었다면 이 때 식염수의 농도는 몇 wt%인가?
js/gquiz.js	1	훅제목	탄소 3g이 산소 16g 중에서 완전연소 되었다면, 연소한 후 혼합 기체의 부피는 표준상태에서 몇 L가 되는가?
js/gquiz.js	1	훅제목	100mL 메스플라스크로 10ppm 용액 100mL를 만들려고 한다. 1000ppm 용액 몇 mL를 취해야 하는가?
js/gquiz.js	1	훅제목	어떤 물질의 불꽃반응은 노란색을 나타내며, 이 물질의 수용액에 AgNO3 용액을 넣었더니 흰색침전이 생겼다. 이 물질은 무엇인가?
js/gquiz.js	1	훅제목	자체소방대에 두어야 하는 화학소방자동차 중 포수용액을 방사하는 화학소방자동차는 전체 법정 화학소방자동차 대수의 얼마 이상으로 하여야 하는가?
js/gquiz.js	1	훅제목	소화설비의 설치기준에 있어서 위험물저장소의 건축물로서 외벽이 내화구조로 된 것은 연면적 몇 m2 를 1소요단위로 하는가?
js/gquiz.js	1	훅제목	옥내소화전설비의 기준에서 옥내소화전설비 비상전원의 용량은 옥내소화전설비를 유효하게 몇 분 이상 작동시킬 수 있어야 하는가?
js/gquiz.js	1	훅제목	간이탱크저장소의 위치ㆍ구조 및 설비의 기준에서 간이저장탱크 1개의 용량은 몇 L 이하이어야 하는가?
js/gquiz.js	1	훅제목	위험물안전관리법령에서 정의한 제2석유류의 인화점 범위는 1기압에서 얼마인가?
js/gquiz.js	1	훅제목	물을 전기분해하여 표준상태 기준으로 산소 22.4L를 얻는데 소요되는 전기량은 몇 F 인가?
js/gquiz.js	1	훅제목	물 2.5L 중에 어떤 불순물이 10mg 함유되어 있다면 약 몇 ppm 으로 나타낼수 있는가?
js/gquiz.js	1	훅제목	반투막을 이용해서 콜로이즈 입자를 전해질이나 작은 분자로부터 분리 정제하는 것을 무엇이라 하는가?
js/gquiz.js	1	훅제목	표준상태를 기준으로 수소 2.24L 가 염소와 완전히 반응했다면 생성된 염화수소의 부피는 몇 L인가?
js/gquiz.js	1	훅제목	물통 또는 수조를 이용한 소화가 공통적으로 적응성이 있는 위험물은 제 몇 류 위험물인가?
js/gquiz.js	1	훅제목	건축물의 외벽이 내화구조로 된 제조소는 연면적 몇 m2 를 1소요 단위로 하는가?
js/gquiz.js	1	훅제목	이동식포소화설비를 옥외에 설치하였을 때 방사량은 몇 L/min 이상으로 30분간 방사할 수 있는 양이어야 하는가?
js/gquiz.js	1	과장	저장 용기는 공기가 통하지 않게 마개로 꼭 막아둔다.
js/gquiz.js	1	훅제목	반감기와 5일인 미지 사료가 2g 있을 때 10일이 경과하면 남은 양은 몇 g 인가?
js/gquiz.js	1	훅제목	염소원자의 최외각 전자수는 몇 개 인가?
js/gquiz.js	1	훅제목	액체 공기에서 질소 등을 분리하여 산소를 얻는 방법은 다음 중 어떤 성질을 이용한 것인가?
js/gquiz.js	1	훅제목	Fe(CN)64-와 4개의 K+ 이온으로 이루어진 물질 K4Fe(CN)6을 무엇이라고 하는가?
js/gquiz.js	1	훅제목	하론 1211 소화약제의 저장용기에 저장하는 소화약제의 양을 산출할 때는 「위험물의 종류에 대한 가스계 소화약제의 계수」를 고려해야 한다. 위험물의 종류가 이황화탄소인 경우 하론 1211에 해당하는 계수 값은 얼마인가?
js/gquiz.js	1	훅제목	디에틸에테르 2000L와 아세톤 4000L를 옥내저장소에 저장하고 있다면 총 소요단위는 얼마인가?
js/gquiz.js	1	훅제목	강화액 소화기에 한냉지역 및 겨울철에도 얼지 않도록 첨가하는 물질은 무엇인가?
js/gquiz.js	1	훅제목	제4류 위험물을 취급하는 제조소에 지정수량의 몇 배 이상을 취급할 경우 자체 소방대를 설치하여야 하는가?
js/gquiz.js	1	해설투	운반용기는 수납구를 옆으로 향하게 하여 나란히 적재한다.
js/gquiz.js	1	훅제목	칼륨과 물이 반응할 때 생성되는 것은 무엇인가?
js/gquiz.js	1	훅제목	제3류 위험물 중 금수성물질 위험물제조소에는 어떤 주의사항을 표시한 게시판을 설치하여야 하는가?
js/gquiz.js	1	훅제목	1기압 27℃ 에서 아세톤 58g을 완전히 기화시키면 부피는 약 몇 L가 되는가?
js/gquiz.js	1	훅제목	25g 의 암모니아가 과잉의 황산과 반응하여 황산암모늄이 생성될 때 생성된 황산암모늄의 양은 약 얼마인가?
js/gquiz.js	1	훅제목	10.0mL 의 0.1M-NaOH 을 25.0mL 의 0.1M-HCl 에 혼합하였을 때 이 혼합의 용액의 pH 는 얼마인가?
js/gquiz.js	1	훅제목	Mg2+ 의 전자수는 몇 개인가?
js/gquiz.js	1	훅제목	포소화설비의 기준에 따르면 포헤드방식의 포헤드는 방호대상물의 표면적 1m2 당의 방사량이 몇 L/min 이상의 비율로 계산한 양의 포수용액을 표준방사량으로 방사할 수 있도록 설치하여야 하는가?
js/gquiz.js	1	훅제목	전역방출방식 분말소화 설비의 분사헤드는 기준에서 정하는 소화약제의 양을 몇 초 이내에 균일하게 방사해야 하는가?
js/gquiz.js	1	훅제목	위험물 제조소에서 옥내소화전이 가장 많이 설치된 층의 옥내소화전 설치개수가 3개 이다. 수원의 수량은 몇 m3가 되도록 설치하여야 하는가?
js/gquiz.js	1	훅제목	탄화칼슘 60000kg 를 소요단위로 산정하면?
js/gquiz.js	1	훅제목	주유취급소의 고정주유설비는 고정주유설비의 중심선을 기점으로 하여 도로경계선까지 몇 m 이상 떨어져 있어야 하는가?
js/gquiz.js	1	훅제목	탄화칼슘은 물과 반응하면 어떤 기체가 발생하는가?
js/gquiz.js	1	훅제목	고체위험물은 운반용기 내용적의 몇 % 이하의 수납율로 수납하여야 하는가?
js/gquiz.js	1	훅제목	어떤 공장에서 아세톤과 메탄올을 18L 용기에 각각 10개, 등유를 200L 드럼으로 3드럼을 저장하고 있다면 각각의 지정수량 배수의 총합은 얼마인가?
js/gquiz.js	1	훅제목	pH가 2인 용액은 pH가 4인 용액과 비교하면 수소이온농도가 몇 배인 용액이 되는가?
js/gquiz.js	1	훅제목	물 36g 을 모두 증발시키면 수증기가 차지하는 부피는 표준상태를 기준으로 몇 L인가?
js/gquiz.js	1	훅제목	염소산칼륨을 가열하여 산소를 만들 때 촉매로 쓰이는 이산화망간의 역할은 무엇인가?
js/gquiz.js	1	훅제목	20%의 소금물을 전기분해하여 수산화나트륨 1몰을 얻는데는 1A의 전류를 몇 시간 통해야 하는가?
js/gquiz.js	1	훅제목	11g 의 프로판이 연소하면 몇 g 의 물이 생기는가?
js/gquiz.js	1	훅제목	원자번호가 19 이며 원자량이 39 인 K 원자의 중성자와 양성자수는 각각 몇 개인가?
js/gquiz.js	1	훅제목	먹물에 아교를 약간 풀어 주면 탄소 입자가 쉽게 침전 되지 않는다. 이 때 가해준 아교를 무슨 콜로이드라 하는가?
js/gquiz.js	1	훅제목	드라이아이스 1kg 이 완전히 기화하면 약 몇 몰의 탄산가스가 되겠는가?
js/gquiz.js	1	훅제목	위험물을 취급하는 건축물의 옥내 소화전이 1층에 6개. 2층에 5개, 3층에 4개가 설치되었다. 이 때 수원의 수량은 몇 m3 이상이 되도록 설치하여야 하는가?
js/gquiz.js	1	훅제목	메탄올 40000L 는 소요단위가 얼마인가?
js/gquiz.js	1	훅제목	제조소등의 관계인은 당해제조소등의 용도를 폐지한 때에는 행정안전부령이 정하는 바에 따라 제조소등의 용도를 폐지한 날부터 며칠 이내에 시ㆍ도지사에게 신고하여야 하는가?
js/gquiz.js	1	훅제목	고체 유기물질을 정제하는 과정에서 이 물질이 순물질 인지를 알아보기 위한 조사 방법으로 다음 중 가장 적합한 방법은 무엇인가?
js/gquiz.js	1	훅제목	20℃ 에서 설탕물 100g 중에 설탕 40g 이 녹아 있다 이 용액이 포화용액일 경우 용해도(g/H2O 100g)는 얼마인가?
js/gquiz.js	1	훅제목	2차 알코올이 산화되면 무엇이 되는가?
js/gquiz.js	1	훅제목	가로 2cm, 세로 5cm, 높이 3cm 인 직육면체 물체의 무게는 100g 이었다. 이 물체의 밀도는 몇 g/cm3 인가?
js/gquiz.js	1	훅제목	어떤 원자핵에서 양성자의 수가 3 이고, 중성자의 수가 2일 때 질량수는 얼마인가?
js/gquiz.js	1	훅제목	황린이 연소할 때 다량으로 발생하는 흰연기는 무엇인가?
js/gquiz.js	1	훅제목	복합용도 건축물의 옥내저장소의 기준에서 옥내저장소의 용도에 사용되는 부분의 바닥면적은 몇 m2 이하로 하여야 하는가?
js/gquiz.js	1	훅제목	전역방출방식 분말소화설비에 있어 분사헤드는 저장용기에 저장된 분말소화약제량을 몇 초 이내에 균일하게 방사하여야 하는가?
js/gquiz.js	1	훅제목	제1석유류를 저장하는 옥외탱크저장소에 특형 포방구출구응 설치하는 경우에 방출율은 약표면적 1m2 당 1분에 몇 리터 이상이어야 하는가?
js/gquiz.js	1	훅제목	위험물저장소 건축물의 외벽이 내화구조인 것은 연면적 얼마를 1소요단위로 하는가?
js/gquiz.js	1	훅제목	제4류 위험물을 저장하는 이동탱크저장소의 탱크 용량이 19000L 일 때 탱크의 칸막이는 최소 몇 개를 설치해야 하는가?
js/gquiz.js	1	훅제목	원자번호 20 인 Ca 의 원자량은 40 이다. 원자핵의 중성자수는 얼마인가?
js/gquiz.js	1	훅제목	전자배치가 1s22s22p63s23p5 인 원자의 M껍질에는 몇 개의 전자가 들어 있는가?
js/gquiz.js	1	훅제목	화약제조에 사용되는 물질인 질산칼륨에서 N 의 산화수는 얼마인가?
js/gquiz.js	1	훅제목	불순물로 식염을 포함하고 있는 NaOH 3.2g을 물에 녹여 100mL 로 한 다음 그중 50mL 를 중화하는데 1N의 염산이 20mL 필요했다. 이 NaOH의 농도는 약 몇 wt%인가?
js/gquiz.js	1	훅제목	폐쇄형스프링클러헤드의 설치기준에서 급배기용 덕트 등의 긴변의 길이가 몇 m 초과할 때 당해 덕트 등의 아래면에도 스프링클러헤드를 설치해야 하는가?
js/gquiz.js	1	훅제목	분말소화약제인 탄산수소나트륨 10kg 이 1기압, 270℃ 에서 방사되었을 때 발생하는 이산화탄소의 양은 약 몇 m3 인가?
js/gquiz.js	1	훅제목	옥외소화전의 개폐밸브 및 호스 접속구는 지반면으로부터 몇 m 이하의 높이에 설치해야 하는가?
js/gquiz.js	1	훅제목	소화설비의 설치기준에 있어서 위험물저장소의 건축물로서 외벽이 내화구조로 된 것은 연면적 몇 m3 를 1 소요 단위로 하는가?
js/gquiz.js	1	훅제목	이송취급소 배관등의 용접부는 비파괴시험을 실시하여 합격하여야 한다. 이 경우 이송기지 내의 지상에 설치되는 배관등은 전체 용접부의 몇 % 이상 발췌하여 시험할 수 있는가?
js/gquiz.js	1	훅제목	보냉장치가 없는 이동저장 탱크에 저장하는 아세트알데히드의 온도는 몇 ℃ 이하로 유지하여야 하는가?
js/gquiz.js	1	훅제목	발연황산이란 무엇인가?
js/gquiz.js	1	훅제목	테르밋(thermit)의 주성분은 무엇인가?
js/gquiz.js	1	훅제목	납축전지를 오랫동안 방전시키면 어느 물질이 생기는가?
js/gquiz.js	1	훅제목	H2O 가 H2S 보다 비등점이 높은 이유는 무엇인가?
js/gquiz.js	1	훅제목	어떤 용기에 수소 1g 과 산소 16g을 넣고 전기불꽃을 이용하여 반응시켜 수증기를 생성하였다. 반응 전과 동일한 온도ㆍ압력으로 유지시켰을 때, 최종 기체의 총 부피는 처음 기체 총 부피의 얼마가 되는가?
js/gquiz.js	1	훅제목	FeCl3 의 존재하에서 톨루엔과 염소를 반응시키면 어떤 물질이 생기는가?
js/gquiz.js	1	훅제목	동식물유류 400000L 의 소화설비 설치시 소요단위는 몇 단위인가?
js/gquiz.js	1	훅제목	위험물제조소등의 스프링클러설비의 기준에 있어 개방형스프링클러헤드는 스프링클러헤드의 반사판으로부터 하방과 수평방향으로 각각 몇 m 의 공간을 보유하여야 하는가?
js/gquiz.js	1	훅제목	위험물제조소등에 설치된 옥외소화전설비는 모두 옥외소화전(설치개수가 4개 이상인 경우는 4개의 옥외소화전)을 동시에 사용할 경우에 각 노즐선단의 방수압력은 몇 KPa 이상이어야 하는가?
js/gquiz.js	1	훅제목	CS2 를 물속에 저장하는 주된 이유는 무엇인가?
js/gquiz.js	1	훅제목	옥내저장탱크와 탱크전용실의 벽과의 사이 및 옥내저장탱크의 상호간에는 몇 m 이상의 간격을 유지하여야 하는가?
js/gquiz.js	1	훅제목	반감기가 5일인 미지 시료가 2g 있을 때 10일이 경과하면 남은 양은 몇 g 인가?
js/gquiz.js	1	훅제목	95wt% 황산의비중은 1.84 이다. 이 환산의 몰 농도는 약 얼마인가?
js/gquiz.js	1	훅제목	산소 5g을 27℃ 에서 1.0L의 용기 속에 넣었을 때 기체의 압력은 몇 기압인가?
js/gquiz.js	1	훅제목	디에틸에테르 2000L 와 아세톤 4000L 를 옥내저장소에 저장하고 있다면 총 소요단위는 얼마인가?
js/gquiz.js	1	훅제목	전역방출방식의 할로겐화물 소화설비의 분사헤드에서 Halon 1211 을 방사하는 경우의 방사압력은 얼마 이상으로 하여야 하는가?
js/gquiz.js	1	훅제목	위험물제조소에 옥내소화전을 각 층에 8개씩 설치하도록 할 때 수원의 최소 수량은 얼마인가?
js/gquiz.js	1	훅제목	위험물제조소의 배출설비 기준 중 국소방식의 경우 배출능력은 1시간당 배출장소 용적의 몇 배 이상으로 해야 하는가?
js/gquiz.js	1	훅제목	황린에 공기를 차단하고 약 몇 ℃로 가열하면 적린이 되는가?
js/gquiz.js	1	훅제목	위험물제조소는 문화재보호법에 의한 유형문화재로부터 몇 m 이상의 안전거리를 두어야 하는가?
js/gquiz.js	1	훅제목	제조소에서 취급하는 위험물의 최대수량이 지정수량의 20배인 경우 보유공지의 너비는 얼마인가?
js/gquiz.js	1	훅제목	27℃에서 9g 의 비전해질을 녹여 만든 900mL 용액의 삼투압은 3.84기압이었다. 이 물질의 분자량은 약 얼마인가?
js/gquiz.js	1	훅제목	표준입관시험 및 평판재하시험을 실시하여야 하는 특정옥외저장탱크의 지반의 범위는 기초의 외측이 지표면과 접하는 선의 범위 내에 있는 지반으로서 지표면으로부터 깊이 몇 m 까지로 하는가?
js/gquiz.js	1	훅제목	클로로벤젠 300000L 의 소요단위는 얼마인가?
js/gquiz.js	1	훅제목	표준상태에서 2kg 의 이산화탄소가 모두 기체 상태의 소화약제로 방사될 경우 부피는 몇 m3인가?
js/gquiz.js	1	훅제목	옥내소화전설비의 비상전원은 자가발전설비 또는 축전지 설비로 옥내소화전 설비를 유효하게 몇 분 이상 작동할 수 있어야 하는가?
js/gquiz.js	1	훅제목	1기압 27℃에서 아세톤 58g 을 완전히 기화시키면 부피는 약 몇 L 가 되는가?
js/gquiz.js	1	훅제목	옥외저장탱크ㆍ옥내저장탱크 또는 지하저장태크 중 압력탱크에 저장하는 아세트알데히드등의 온도는 몇 이하로 유지하여야 하는가?
js/gquiz.js	1	훅제목	이동저장탱크로부터 위험물을 저장 또는 취급하는 탱크에 인화점이 몇 ℃ 미만인 위험물을 주입할 때에는 이동탱크저장소의 원동기를 정지시켜야 하는가?
js/gquiz.js	1	훅제목	고체위험물의 운반 시 내장용기가 금속제인 경우 내장용기의 최대 용적은 몇 L 인가?
js/gquiz.js	1	훅제목	80℃ 와 40℃에서 물에 대한 용해도가 각각 50, 30 인 물질이 있다. 80℃ 의 이 포화용액 75g 을 40℃ 로 냉각시키면 몇 g 의 물질이 석출되겠는가?
js/gquiz.js	1	훅제목	10.0mL 의 0.1M-NaOH 을 25.0mL 의 0.1M-HCl 에 혼합하였을 때 이 혼합 용액의 pH 는 얼마인가?
js/gquiz.js	1	훅제목	0℃, 일정 압력하에서 1L의 물에 이산화탄소 10.8g 을 녹인 탄산음료가 있다. 동일한 온도에서 압력을 1/4로 낮추면 방출되는 이산화탄소의 질량은 몇 g 인가?
js/gquiz.js	1	훅제목	4℃의 물이 얼음의 밀도보다 큰 이유는 물분자의 무슨 결합 때문인가?
js/gquiz.js	1	훅제목	프로판 1몰을 완전연소 하는데 필요한 산소의 이론량을 표준상태에서 계산하면 몇 L 가 되는가?
js/gquiz.js	1	훅제목	같은 분자식을 가지면서 각각을 서로 겹치게 할 수 없는 거울상의 구조를 갖는 분자를 무엇이라 하는가?
js/gquiz.js	1	훅제목	니트로벤젠의 증기에 수소를 혼합한 뒤 촉매를 사용하여 환원시키면 무엇이 되는가?
js/gquiz.js	1	훅제목	옥내탱크전용실에 설치하는 탱크 상호 간에는 얼마의 간격을 두어야 하는가?
js/gquiz.js	1	훅제목	위험물제조소에서 옥내소화전이 1층에 4개, 2층에 6개가 설치되어 있을 때 수원의 수량은 몇 L 이상이 되도록 설치하여야 하는가?
js/gquiz.js	1	훅제목	위험물안전관리법령 중 위험물의 운반에 관한 기준에 따라 운반용기의 외부에 주의사항으로 “화기·충격주의” “물기엄금” 및 “가연물접촉주의” 를 표시하였다. 어떤 위험물에 해당하는가?
js/gquiz.js	1	훅제목	[H+] = 2 × 10-6M 인 용액의 pH는 약 얼마인가?
js/gquiz.js	1	훅제목	730mmHg, 100℃에서 257mL 부피의 용기 속에 어떤 기체가 채워져 있다. 그 무게는 1.671g 이다. 이 물질의 분자량은 약 얼마인가?
js/gquiz.js	1	훅제목	어떤 기체의 확산 속도는 SO2의 2배이다. 이 기체의 분자량은 얼마인가?
js/gquiz.js	1	훅제목	밀도가 2g/mL 인 고체의 비중은 얼마인가?
js/gquiz.js	1	훅제목	CH4 16g 중에는 C 가 몇 ㏖ 포함되었는가?
js/gquiz.js	1	훅제목	분자식이 같으면서도 구조가 다른 유기화합물을 무엇이라고 하는가?
js/gquiz.js	1	훅제목	CH4(g) + 202(g) → CO2(g) + 2H2O(g)의 반응에서 메탄의 농도를 일정하게 하고 산소의 농도를 2배로 하면 동일한 온도에서 반응속도는 몇 배로 되는가?
js/gquiz.js	1	훅제목	원자번호 19, 질량수 39 인 칼륨 원자의 중성자수는 얼마인가?
js/gquiz.js	1	훅제목	공기 중 산소는 부피백분율과 질량백분율로 각각 약 몇 % 인가?
js/gquiz.js	1	훅제목	94wt% 드라이아이스 100g 은 표준상태에서 몇 L 의 CO2가 되는가?
js/gquiz.js	1	훅제목	염소원자의 최외각 전자수는 몇 개인가?
js/gquiz.js	1	훅제목	염소는 2가지 동위원소로 구성되어 있는데 원자량이 35인 염소는 75% 존재하고, 37인 염소는 25% 존재한다고 가정할 때, 이 염소의 평균원자량은 얼마인가?
js/gquiz.js	1	훅제목	Fe(CN)64- 와 4개의 K+이온으로 이루어진 물질 K4Fe(CN)6을 무엇이라고 하는가?
js/gquiz.js	1	훅제목	옥텟규칙(octet rule)에 따르면 게르마늄이 반응할 때, 다음 중 어떤 원소의 전자수와 같아지려고 하는가?
js/gquiz.js	1	훅제목	위험물제조소에 옥내소화전이 가장 많이 설치된 층의 옥내소화전 설치개수가 2개 이다. 위험물안전관리법령의 옥내소화전설비 설치기준에 의하면 수원의 수량은 얼마 이상이 되어야 하는가?
js/gquiz.js	1	훅제목	위험물안전관리법령상 지정수량의 몇 배 이상의 제4류 위험물을 취급하는 제조소에는 자체소방대를 두어야 하는가?
js/gquiz.js	1	훅제목	위험물제조소등에 설치하는 포 소화설비에 있어서 포헤드 방식의 포헤드는 방호대상물의 표면적(m2) 얼마 당 1개 이상의 헤드를 설치하여야 하는가?
js/gquiz.js	1	훅제목	질소함유량 약 11% 의 니트로셀룰로오스를 장뇌와 알코올에 녹여 교질 상태로 만든 것을 무엇이라고 하는가?
js/gquiz.js	1	훅제목	휘발유를 저장하던 이동저장탱크에 탱크의 상부로부터 등유나 경유를 주입할 때 액표면이 주입관의 선단을 넘는 높이가 될 때까지 그 주입관내의 유속을 몇 m/s 이하로 하여야 하는가?
js/gquiz.js	1	훅제목	위험물안전관리법령상 어떤 위험물을 저장 또는 취급하는 이동탱크저장소는 불활성 기체를 봉입할 수 있는 구조로 하여야 하는가?
js/gquiz.js	1	훅제목	물 36g 을 모두 증발시키면 수증기가 차지하는 부피는 표준상태를 기준으로 몇 L 인가?
js/gquiz.js	1	훅제목	NaCl의 결정계는 다음 중 무엇에 해당되는가?
js/gquiz.js	1	훅제목	볼타전지의 기전력은 약 1.3V 인데 전류가 흐르기 시작하면 곧 0.4V로 된다. 이러한 현상을 무엇이라 하는가?
js/gquiz.js	1	훅제목	벤젠에 수소 원자 한 개는 -CH3기로, 또 다른 수소원자 한 개는 -OH 기로 치환되었다면 이성질체수는 몇 개 인가?
js/gquiz.js	1	훅제목	탄소 3g 이 산소 16g 중에서 완전연소 되었다면, 연소한 후 혼합 기체의 부피는 표준상태에서 몇 L 가 되는가?
js/gquiz.js	1	훅제목	어떤 용액의 [OH-] = 2×10-5M 이었다. 이 용액의 pH는 얼마인가?
js/gquiz.js	1	가운뎃점잇기	학교 · 병원
js/gquiz.js	1	훅제목	위험물안전관리법령에 의거하여 개방형스프링클러 헤드를 이용하는 스프링클러설비에 설치하는 수동식 개방밸브를 개방 조작하는데 필요한 힘은 몇 kg 이하가 되도록 설치하여야 하는가?
js/gquiz.js	1	훅제목	드라이아이스 1kg 이 완전히 기화하면 약 몇 몰의 이산화탄소가 되겠는가?
js/gquiz.js	1	훅제목	위험물안전관리법령상 포소화설비의 고정포 방출구를 설치한 위험물 탱크에 부속하는 보조포소화전에서 3개의 노즐을 동시에 사용할 경우 각각의 노즐선단에서의 분당 방사량은 몇 L/min 이상이어야 하는가?
js/gquiz.js	1	훅제목	위험물제조소등에 설치하는 전역방출방식의 이산화탄소 소화설비 분사헤드의 방사 압력은 고압식의 경우 몇 MPa 이상이어야 하는가?
js/gquiz.js	1	훅제목	위험물안전관리법령상 물분무소화설비의 제어밸브는 바닥으로부터 어느 위치에 설치하여야 하는가?
js/gquiz.js	1	훅제목	특정옥외탱크저장소라 함은 저장 또는 취급하는 액체 위험물의 최대수량이 얼마 이상의 것을 말하는가?
js/gquiz.js	1	훅제목	위험물안전관리법령에 따르면 보냉장치가 없는 이동저장 탱크에 저장하는 아세트알데히드의 온도는 몇 ℃ 이하로 유지하여야 하는가?
js/gquiz.js	1	가운뎃점잇기	고압가스등을 저장 · 취급하는 시설로부터는 20m 이상
js/gquiz.js	1	훅제목	질소 2몰과 산소 3몰의 혼합기체가 나타나는 전압력이 10기압 일 때 질소의 분압은 얼마인가?
js/gquiz.js	1	훅제목	KMnO4에서 Mn 의 산화수는 얼마인가?
js/gquiz.js	1	훅제목	다음 물질 중 감광성이 가장 큰 것은 무엇인가?
js/gquiz.js	1	훅제목	분자량의 무게가 4배이면 확산 속도는 몇 배인가?
js/gquiz.js	1	훅제목	제조소 건축물로 외벽이 내화구조인 것의 1소요단위는 연면적이 몇 m2 인가?
js/gquiz.js	1	훅제목	분말소화약제인 탄산수소나트륨 10kg 이 1기압, 270℃에서 방사되었을 때 발생하는 이산화탄소의 양은 약 몇 m3 인가?
js/gquiz.js	1	훅제목	경보 설비는 지정 수량 몇 배 이상의 위험물을 저장, 취급하는 제조소등에 설치하는가?
js/gquiz.js	1	훅제목	위험물제조소등에 설치하는 포소화설비의 기준에 따르면 포헤드방식의 포헤드는 방호대상물의 표면적 1m2 당의 방사량이 몇 L/min 이상의 비율로 계산한 양의 포수용액을 표준방사량으로 방사할 수 있도록 설치하여야 하는가?
js/gquiz.js	1	훅제목	위험물저장소 건축물의 외벽이 내화구조인 것은 연면적 얼마를 1 소요단위로 하는가?
js/gquiz.js	1	과장	위험물안전관리법령에 따른 제1류 위험물 중 알칼리금속의 과산화물 운반 용기에 반드시 표시하여야 할 주의사항을 모두 옳게 나열한 것은?
js/gquiz.js	1	훅제목	KNO3 의 물에 대한 용해도는 70℃에서 130 이며 30℃에서 40 이다. 70℃ 의 포화용액 260g 을 30℃ 로 냉각시킬 때 석출되는 KNO3 의 양은 약 얼마인가?
js/gquiz.js	1	훅제목	구리선의 밀도가 7.81g/mL 이고, 질량이 3.72g 이다. 이 구리선의 부피는 얼마인가?
js/gquiz.js	1	훅제목	수소 5g 과 산소 24g 의 연소반응 결과 생성된 수증기는 0℃, 1기압에서 몇 L 인가?
js/gquiz.js	1	훅제목	1기압의 수소 2L 와 3기압의 산소 2L 를 동일 온도에서 5L 의 용기에 넣으면 전체 압력은 몇 기압이 되는가?
js/gquiz.js	1	훅제목	위험물안전관리법령상 옥외소화전설비의 옥외소화전이 3개 설치되었을 경우 수원의 수량은 몇 m3 이상이 되어야 하는가?
js/gquiz.js	1	훅제목	위험물안전관리법령상 옥외소화전설비에서 옥외소화전함은 옥외소화전으로부터 보행거리 몇 m 이하의 장소에 설치하여야 하는가?
js/gquiz.js	1	훅제목	주성분이 탄산수소나트륨인 소화약제는 제 몇 종분말소화약제인가?
js/gquiz.js	1	가운뎃점잇기	펌프와 발포기의 중간에 설치된 벤투리관의 벤투리 작용과 펌프 가압수의 포 소화약제 저장탱크에 대한 압력에 의하여 포 소화약제를 흡입 · 혼합하는 방식은?
js/gquiz.js	1	훅제목	위험물제조소등에 설치하는 옥내소화전설비가 설치된 건축물에 옥내소화전이 1층에 5개, 2층에 6개가 설치되어 있다. 이때 수원의 수량은 몇 m3 이상으로 하여애 하는가?
js/gquiz.js	1	훅제목	위험물안전관리법령상 옥외소화전설비는 모든 옥외소화전을 동시에 사용할 경우 각 노즐 선단의 방수압력은 얼마 이상이어야 하는가?
js/gquiz.js	1	훅제목	제조소 또는 취급소의 건축물로 외벽이 내화구조인 것은 연면적 몇 m2 를 1소요 단위로 규정하는가?
js/gquiz.js	1	훅제목	위험물안전관리법령상 이송취급소 배관등의 용접부는 비파괴시험을 실시하여 합격하여야 한다. 이 경우 이송기지내의 지상에 설치되는 배관등은 전체 용접부의 몇 % 이상 발췌하여 시험할 수 있는가?
js/gquiz.js	1	훅제목	1기압에서 2L의 부피를 차지하는 어떤 이상기체를 온도의 변화 없이 압력을 4기압으로 하면 부피는 얼마가 되겠는가?
js/gquiz.js	1	훅제목	25℃에서 83% 해리된 0.1N HCl 의 pH 는 얼마인가?
js/gquiz.js	1	훅제목	황산구리 수용액에 1.93A 의 전류를 통할 때 매 초 음극에서 석출되는 Cu 의 원자수를 구하면 약 몇 개가 존재하는가?
js/gquiz.js	1	훅제목	25℃ 의 포화용액 90g 속에 어떤 물질이 30g 녹아 있다. 이 온도에서 이 물질의 용해도는 얼마인가?
js/gquiz.js	1	훅제목	표준상태(0℃, 1atm)에서 2kg 의 이산화탄소가 모두 기체 상태의 소화약제로 방사될 경우 부피는 몇 m3 인가?
js/gquiz.js	1	훅제목	위험물안전관리법령상 옥외소화전이 5개 설치된 제조소등에서 옥외소화전의 수원의 수량은 얼마이상어야 하는가?
js/gquiz.js	1	훅제목	위험물안전관리법령상 옥내소화전설비의 비상전원은 자가발전설비 또는 축전지 설비로 옥내소화전 설비를 유효하게 몇 분 이상 작동할 수 있어야 하는가?
js/gquiz.js	1	가운뎃점잇기	위험물안전관리법령상 위험물 저장 · 취급시 화재 또는 재난을 방지하기 위하여 자체소방대를 두어야 하는 경우가 아닌 것은?
js/gquiz.js	1	가운뎃점잇기	지정수량의 3천배 이상의 제4류 위험물을 저장 · 취급하는 제조소
js/gquiz.js	1	가운뎃점잇기	지정수량의 3천배 이상의 제4류 위험물을 저장 · 취급하는 일반취급소
js/gquiz.js	1	훅제목	위험물안전관리법령상 제4류 위험물 옥외저장탱크의 대기밸브부착 통기관은 몇 kPa 이하의 압력차이로 작동할 수 있어야 하는가?
js/gquiz.js	1	훅제목	위험물안전관리법령상 옥내저장탱크의 상호간에는 몇 m 이상의 간격을 유지하여야 하는가?
js/gquiz.js	1	훅제목	C6H14 의 구조 이성질체는 몇 개가 존재하는가?
js/gquiz.js	1	훅제목	CO2 44g 을 만들려면 C3H8 분자가 약 몇 개 완전 연소 해야하는가?
js/gquiz.js	1	훅제목	소화설비 설치 시 동식물유류 400000L 에 대한 소요단위는 몇 단위인가?
js/gquiz.js	1	훅제목	위험물안전관리법령에 따른 이동식할로겐화물 소화설비 기준에 의하면 20℃에서 하나의 노즐이 하론 2402를 방사 할 경우 1분당 몇 kg의 소화약제를 방사할 수 있어야 하는가?
js/gquiz.js	1	훅제목	위험물안전관리법령에 따르면 옥외소화전의 개폐밸브 및 소화접속구는 지반면으로부터 몇 m이하의 높이에 설치해야하는가?
js/gquiz.js	1	훅제목	제3류 위험물을 취급하는 제조소와 3백명 이상의 인원을 수용하는 영화상영관과의 안전거리는 몇 m 이상이어야 하는가?
js/gquiz.js	1	훅제목	1패러데이(Faraday)의 전기량으로 물을 전기분해하였을 때 생성되는 수소기체는 0℃, 1기압에서 얼마의 부피를 갖는가?
js/gquiz.js	1	훅제목	휘발성 유기물 1.39g 을 증발시켰더니 100℃, 760mmHg에서 420mL 였다. 이 물질의 분자량은 약 몇 g/mol 인가?
js/gquiz.js	1	훅제목	원자량이 56인 금속 M 1.12g을 산화시켜 실험식이 MxOy 인 산화물 1.60g을 얻었다. x, y는 각각 얼마인가?
js/gquiz.js	1	훅제목	Mg2+ 의 전자수는 몇 개 인가?
js/gquiz.js	1	훅제목	pH = 12 인 용액의 [OH-]는 pH = 9 인 용액의 몇 배인가?
js/gquiz.js	1	훅제목	소화설비의 설치기준에 있어서 위험물저장소의 건축물로서 외벽이 내화구조로 된 것은 연면적 몇 m2 를 1 소요단위로 하는가?
js/gquiz.js	1	훅제목	위험물안전관리법령상 정전기를 유효하게 제거하기 위해서는 공기 중의 상대습도는 몇 % 이상 되게 하여야 하는가?
js/gquiz.js	1	훅제목	위험물제조소등에 “화기주의” 라고 표시한 게시판을 설치하는 경우 몇 류 위험물의 제조소인가?
js/gquiz.js	1	과장	위험물안전관리법령상 자동화재탐지설비를 반드시 설치하여야 할 대상에 해당되지 않는 것은?
js/gquiz.js	1	훅제목	위험물제조소등에 설치하는 옥외소화전설비에 있어서 옥외소화전함은 옥외소화전으로부터 보행거리 몇 m 이하의 장소에 설치하는가?
js/gquiz.js	1	훅제목	하론 1301 소화약제의 저장용기에 저장하는 소화약제의 양을 산출할 때는「위험물의 종류에 대한 가스계 소화약제의 계수」를 고려해야 한다. 위험물의 종류가 이황화탄소인 경우 하론 1301에 해당하는 계수 값은 얼마인가?
js/gquiz.js	1	훅제목	위험물제조소등에 옥내소화전이 1층에 6개, 2층에 5개, 3층에 4개가 설치되었다. 이 때 수원의 수량은 몇 m3 이상이 되도록 설치하여야 하는가?
js/gquiz.js	1	훅제목	1기압, 100℃에서 물 36g 이 모두 기화되었다. 생성된 기체는 약 몇 L 인가?
js/gquiz.js	1	훅제목	위험물안전관리법령상 간이탱크저장소의 위치·구조 및 설비의 기준에서 간이 저장탱크 1개의 용량은 몇 L 이하이어야 하는가?
js/gquiz.js	1	훅제목	제1류 위험물 중 무기과산화물 150kg, 질산염류 300kg, 중크롬산염류 3000kg 을 저장하려 한다. 각각 지정수량의 배수의 총합은 얼마인가?
js/gquiz.js	1	훅제목	27℃에서 500mL에 6g의 비전해질을 녹인 용액의 삼투압은 7.4기압이었다. 이 물질의 분자량은 약 얼마인가?
js/gquiz.js	1	훅제목	20℃에서 4L 를 차지하는 기체가 있다. 동일한 압력 40℃에서는 몇 L 를 차지하는가?
js/gquiz.js	1	훅제목	표준상태에서 11.2L 의 암모니아에 들어있는 질소는 몇 g 인가?
js/gquiz.js	1	훅제목	에탄(C2H6)을 연소시키면 이산화탄소(CO2)와 수증기(H2O)가 생성된다. 표준상태에서 에탄 30g을 반응시킬 때 발생하는 이산화탄소와 수증기의 분자수는 모두 몇 개인가?
js/gquiz.js	1	가운뎃점잇기	금속분 · 마그네슘
js/gquiz.js	1	훅제목	제1석유류를 저장하는 옥외탱크저장소에 특형 포방출구를 설치하는 경우, 방출율은 액표면적 1m2 당 1분에 몇 리터 이상이어야 하는가?
js/gquiz.js	1	훅제목	할론 2402를 소화약제로 사용하는 이동식할로겐화물소화설비는 20℃의 온도에서 하나의 노즐마다 분당 방사되는 소화약제의 양(kg)을 얼마 이상으로 하여야 하는가?
js/gquiz.js	1	훅제목	1기압 27℃에서 아세톤 58g 을 완전히 기화시키면 부피는 약 몇 L가 되는가?
js/gquiz.js	1	가운뎃점잇기	벽 · 기둥 · 바닥 · 보 · 서까래 및 계단을 불연재료로 출입구 외의 개구부가 없는 내화구조의 벽으로 하여야 한다.
js/gquiz.js	1	가운뎃점잇기,훅제목	옥외저장탱크 · 옥내저장탱크 또는 지하저장탱크 중 압력탱크에 저장하는 아세트알데히드 등의 온도는 몇 ℃ 이하로 유지하여야 하는가?
js/gquiz.js	1	훅제목	벤조산은 무엇을 산화하면 얻을 수 있는가?
js/gquiz.js	1	훅제목	디클로로벤젠의 구조 이성질체 수는 몇 개인가?
js/gquiz.js	1	훅제목	위험물안전관리법령상 이산화탄소를 저장하는 저압식저장용기에는 용기내부의 온도를 어떤 범위로 유지할 수 있는 자동냉동기를 설치하여야 하는가?
js/gquiz.js	1	훅제목	위험제조소등에 설치된 옥외소화전설비는 모든 옥외소화전(설치개수가 4개 이상인 경우는 4개의 옥외소화전)을 동시에 사용할 경우에 각 노즐선단의 방수압력은 몇 kPa 이상이어야 하는가?
js/gquiz.js	1	훅제목	열의 전달에 있어서 열전달면적과 열전도도가 각각 2배로 증가한다면, 다른 조건이 일정한 경우 전도에 의해 전달되는 열의 양은 몇 배가 되는가?
js/gquiz.js	1	가운뎃점잇기	인화점이 70℃ 이상인 제4류 위험물을 저장 · 취급하는 소화난이도등급 I의 옥외탱크저장소(지중탱크 또는 해상탱크 외의 것)에 설치하는 소화설비는?
js/gquiz.js	1	훅제목	불꽃의 표면온도가 300℃에서 360℃ 로 상승하였다면 300℃ 보다 약 몇 배의 열을 방출하는가?
js/gquiz.js	1	훅제목	100mL 메스플라스크로 10ppm 용액 100mL 를 만들려고 한다. 1000ppm 용액 몇 mL 를 취해야 하는가?
js/gquiz.js	1	훅제목	표준상태를 기준으로 수소 2.24L 가 염소와 완전히 반응했다면 생성된 염화수소의 부피는 몇 L 인가?
js/gquiz.js	1	가운뎃점잇기	물 100g 에 황산구리결정(CuSO4 · 5H2O) 2g 을 넣으면 몇 % 용액이 되는가? (단, CuSO4의 분자량은 160g/mol 이다.)
js/gquiz.js	1	훅제목	액체 상태의 물이 1기압, 100℃ 수증기로 변하면 체적이 약 몇 배 증가하는가?
js/gquiz.js	1	훅제목	위험물안전관리법령상 방호대상물의 표면적이 70m2 인 경우 물분무소화설비의 방사구역은 몇 m2 로 하여야 하는가?
js/gquiz.js	1	훅제목	위험물안전관리법령상 이동식 불활성가스 소화설비의 호스접속구는 모든 방호대상물에 대하여 당해 방호 대상물의 각 부분으로부터 하나의 호스접속구까지의 수평거리가 몇 이하가 되도록 설치하여야 하는가?
js/gquiz.js	1	가운뎃점잇기,훅제목	위험물안전관리법령상 시 · 도의 조례가 정하는 바에 따라, 관할소방서장의 승인을 받아 지정수량 이상의 위험물을 임시로 제조소등이 아닌 장소에서 취급할 때 며칠 이내의 기간동안 취급할 수 있는가?
js/gquiz.js	1	가운뎃점잇기	“화기 · 충격주의”, “물기엄금” 및 “가연물접촉주의”
js/gquiz.js	1	가운뎃점잇기	증기발생 · 폭발에 대비하여 운반용기의 수납구를 옆 또는 아래로 향하게 하여야 한다.
js/gquiz.js	1	가운뎃점잇기	위험물을 수납한 운반용기가 전도 · 낙하 또는 파손되지 아니하도록 적재하여야 한다.
js/gquiz.js	1	훅제목	일반취급소 1층에 옥내소화전 6개, 2층에 옥내소화전 5개, 3층에 옥내소화전 5개를 설치하고자 한다. 위험물안전관리법령상 이 일반취급소에 설치되는 옥내소화전에 있어서 수원의 수량은 얼마 이상이어야 하는가?
js/gquiz.js	1	가운뎃점잇기,훅제목	제조소등의 관계인은 당해 제조소등의 용도를 폐지한 때에는 총리영이 정하는 바에 따라 제조송등의 용도를 폐지한 날부터 며칠 이내에 시 · 도지사에게 신고하여야 하는가?
js/gquiz.js	1	훅제목	CH4 16g 중에는 C 가 몇 mol 포함되었는가?
js/gquiz.js	1	훅제목	KMnO4 에서 Mn의 산화수는 얼마인가?
js/gquiz.js	1	훅제목	25℃에서 Cd(OH)2 염의 물용해도는 1.7×10-5mol/L 다. Cd(OH)2염의 용해도곱상수, Ksp를 구하면 약 얼마인가?
js/gquiz.js	1	훅제목	제4류 위험물을 취급하는 제조소에서 지정수량의 몇 배 이상을 취급할 경우 자체소방대를 설치하여야 하는가?
js/gquiz.js	1	훅제목	특정옥외탱크저장소라 함은 옥외탱크저장소 중 저장 또는 취급하는 액체 위험물의 최대수량이 얼마 이상의 것을 말하는가?
js/gquiz.js	1	훅제목	위험물안전관리법령상 지정수량의 3천배 초과 4천배 이하의 위험물을 저장하는 옥외탱크저장소에 확보하여야 하는 보유공지의 너비는 얼마인가?
js/gquiz.js	1	훅제목	산화프로필렌 300L, 메탄올 400L, 벤젠 200L를 저장하고 있는 경우 각각 지정수량배수의 총합은 얼마인가?
js/gquiz.js	1	훅제목	물 2.5L 중에 어떤 불순물이 10mg 함유되어 있다면 약 몇 ppm 으로 나타낼 수 있는가?
js/gquiz.js	1	훅제목	화약제조에 사용되는 물질인 질산칼륨에서 N의 산화수는 얼마인가?
js/gquiz.js	1	훅제목	탄화칼슘 60000kg 을 소요단위로 산정하면?
js/gquiz.js	1	훅제목	금속칼륨 20kg, 금속나트륨 40kg, 탄화칼슘 600kg 각각의 지정수량 배수의 총합은 얼마인가?
js/gquiz.js	1	훅제목	미지농도의 염산 용액 100mL를 중화하는데 0.2N NaOH 용액 250mL가 소모되었다. 이 염산의 농도는 몇 N인가?
js/gquiz.js	1	훅제목	25°C 의 포화용액 90g 속에 어떤 물질이 30g 녹아 있다. 이 온도에서 이 물질의 용해도는 얼마인가?
js/gquiz.js	1	훅제목	탄소와 수소로 되어있는 유기화합물을 연소시켜 CO2 44g, H2O 27g을 얻었다. 이 유기화합물의 탄소와 수소 몰비율(C:H)은 얼마인가?
js/gquiz.js	1	훅제목	탄소수가 5개인 포화탄화수소 펜탄의 구조이성질체 수는 몇개인가?
js/gquiz.js	1	훅제목	어떤 주어진 양의 기체의 부피가 21°C, 1.4atm에서 250mL이다. 온도가 49°C로 상승되었을 때의 부피가 300mL라고 하면 이 때의 압력은 약 얼마인가?
js/gquiz.js	1	훅제목	위험물안전관리법령상 전역방출방식의 분말소화설비에서 분사헤드의 방사압력은 몇 MPa 이상이어야 하는가?
js/gquiz.js	1	훅제목	이산화탄소 소화기는 어떤 현상에 의해서 온도가 내려가 드라이아이스를 생성 하는가?
js/gquiz.js	1	훅제목	위험물안전관리법령상 전역방출방식 또는 국소방출방식의 분말소화설비의 기준에서 가압식의 분말소화설비에는 얼마 이하의 압력으로 조정할 수 있는 압력조정기를 설치하여야 하는가?
js/gquiz.js	1	훅제목	능력단위가 1 단위의 팽창질석(삽 1개 포함)은 용량이 몇 L인가?
js/gquiz.js	1	훅제목	1기압에서 2L 의 부피를 차지하는 어떤 이상기체를 온도의 변화 없이 압력을 4기압으로 하면 부피는 얼마가 되겠는가?
js/gquiz.js	1	훅제목	반투막을 이용하여 콜로이드 입자를 전해질이나 작은 분자로부터 분리 정제하는 것을 무엇이라 하는가?
js/gquiz.js	1	훅제목	불순물로 식염을 포함하고 있는 NaOH 3.2g 을 물에 녹여 100mL 로 한 다음 그 중 50mL를 중화하는데 1N 의 염산이 20mL 필요했다. 이 NaOH 의 농도(순도)는 약 몇 wt%인가?
js/gquiz.js	1	훅제목	에탄올 20.0g 과 물 40.0g을 함유한 용액에서 에탄올의 몰분율은 약 얼마인가?
js/gquiz.js	1	훅제목	위험물안전관리법령상 옥내소화전 설비의 설치기준에 따르면 수원의 수량은 옥내소화전이 가장 많이 설치된 층의 옥내소화전 설치개수(설치개수가 5개 이상인 경우는 5개)에 몇 m3를 곱한 양 이상이 되도록 설치하여야 하는가?
js/gquiz.js	1	훅제목	위험물안전관리법령상 간이소화용구(기타소화설비)인 팽창질석은 삽을 상비한 경우 몇 L 가 능력단위 1.0 인가?
js/gquiz.js	1	훅제목	위험물안전관리법령상 위험물저장소 건축물의 외벽이 내화구조인 것은 연면적 얼마를 1소요단위로 하는가?
js/gquiz.js	1	훅제목	1패러데이(Faraday)의 전기량으로 물을 전기분해 하였을 때 생성되는 기체 중 산소 기체는 0℃, 1기압에서 몇 L 인가?
js/gquiz.js	1	훅제목	메탄에 직접 염소를 작용시켜 클로로포름을 만드는 반응을 무엇이라 하는가?
js/gquiz.js	1	훅제목	어떤 가연물의 착화에너지가 24cal 일 때, 이것을 일에너지의 단위로 환산하면 약 몇 Joule 인가?
js/gquiz.js	1	훅제목	디에틸에테르 2000L 와 아세톤 4000L를 옥내저장소에 저장하고 있다면 총 소요단위는 얼마인가?
js/gquiz.js	1	훅제목	전역방출방식의 할로겐화물 소화설비의 분사헤드에서 Halon 1211을 방사하는 경우의 방사압력은 얼마 이상으로 하여야 하는가?
js/gquiz.js	1	훅제목	연면적 1000m2 이고 외벽이 내화구조인 위험물취급소의 소화설비 소요단위는 얼마인가?
js/gquiz.js	1	훅제목	95wt% 황산의 비중은 1.84 이다. 이 황산의 몰 농도는 약 얼마인가?
js/gquiz.js	1	훅제목	헥산(C6H14)의 구조이성질체의 수는 몇 개인가?
js/gquiz.js	1	훅제목	표준관입시험 및 평판재하시험을 실시하여야 하는 특정옥외저장탱크의 지반의 범위는 기초의 외축이 지표면과 접하는 선의 범위 내에 있는 지반으로서 지표면으로부터 깊이 몇 m 까지로 하는가?
js/gquiz.js	1	훅제목	위험물제조소등에 설치하는 이동식 불활성가스소화설비의 소화약제 양은 하나의 노즐마다 몇 kg 이상으로 하여야 하는가?
js/gquiz.js	1	가운뎃점잇기	강산화제와 혼합하면 마찰 · 충격에 의해서 발화할 위험이 있다.
js/gquiz.js	1	훅제목	기체상태의 염화수소는 어떤 화학결합으로 이루어진 화합물인가?
js/gquiz.js	1	훅제목	다음 중 불균일 혼합물은 어느 것인가?
js/gquiz.js	1	훅제목	용매분자들이 반투막을 통해서 순수한 용매나 묽은 용액으로부터 좀 더 농도가 높은 용액 쪽으로 이동하는 알짜이동을 무엇이라 하는가?
js/gquiz.js	1	훅제목	20℃에서 600mL의 부피를 차지하고 있는 기체를 압력의 변화 없이 온도를 40℃로 변화시키면 부피는 얼마로 변하겠는가?
js/gquiz.js	1	훅제목	클로로벤젠 300000L의 소요단위는 얼마인가?
js/gquiz.js	1	훅제목	위험물안전관리법령상 정전기를 유효하게 제거하기 위해서는 공기 중의 상대습도를 몇 % 이상되게 하여야 하는가?
js/gquiz.js	1	훅제목	위험물제조소등의 스프링클러설비의 기준에 있어 개방형스프링클러헤드는 스프링클러헤드의 반사판으로부터 하방 및 수평방향으로 각각 몇 m의 공간을 보유하여야 하는가?
js/gquiz.js	1	훅제목	위험물제조소등에 설치하는 포소화설비의 기준에 따르면 포헤드방식의 포헤드는 방호대상물의 표면적 1m2 당 방사량이 몇 L/min 이상의 비율로 계산한 양의 포수용액을 표준방사량으로 방사할 수 있도록 설치하여야 하는가?
js/gquiz.js	1	가운뎃점잇기,훅제목	위험물안전관리법령상 시 · 도의 조례가 정하는 바에 따르면 관할소방서장의 승인을 받아 지정수량 이상의 위험물을 임시로 제조소등이 아닌 장소에서 취급할 때 며칠 이내의 기간 동안 취급할 수 있는가?
js/gquiz.js	1	과장	위험물제조소에는 “화기엄금” 및 “물기엄금” 주의사항을 표시한 게시판을 반드시 설치하여야 한다.
js/gquiz.js	1	훅제목	제1류 위험물 중 무기과산화물 150kg, 질산염류 300kg, 중크롬산염류 3000kg을 저장하고 있다. 각각 지정수량의 배수의 총합은 얼마인가?
js/gquiz.js	1	훅제목	먹물에 아교나 젤라틴을 약간 풀어주면 탄소입자가 쉽게 침전되지 않는다. 이 때 가해준 아교는 무슨 콜로이드로 작용 하는가?
js/gquiz.js	1	훅제목	황산구리 용액에 10A의 전류를 1시간 통하면 구리(원자량=63.54)를 몇 g 석출하겠는가?
js/gquiz.js	1	훅제목	실제 기체는 어떤 상태일 때 이상 기체 방정식에 잘 맞는가?
js/gquiz.js	1	훅제목	순수한 옥살산(C2H2O4ㆍ2H2O) 결정 6.3g을 물에 녹여서 500mL의 용액을 만들었다. 이 용액의 농도는 몇 M인가?
js/gquiz.js	1	훅제목	비금속원소와 금속원소 사이의 결합은 일반적으로 어떤 결합에 해당되는가?
js/gquiz.js	1	훅제목	위험물안전관리법령상 소화설비의 설치기준에서 제조소등에 전기설비(전기배선, 조명기구 등은 제외)가 설치된 경우에는 해당 장소의 면적 몇 m2 마다 소형수동식소화기를 1개 이상 설치하여야 하는가?
js/gquiz.js	1	훅제목	위험물안전관리법령상 이동저장탱크(압력탱크)에 대해 실시하는 수압시험은 용접부에 대한 어떤 시험으로 대신할 수 있는가?
js/gquiz.js	1	훅제목	위험물제조소에 옥내소화전 설비를 3개 설치하였다. 수원의 양은 몇 m3 이상이어야 하는가?
js/gquiz.js	1	훅제목	질산나트륨의 물 100g에 대한 용해도는 80℃에서 148g, 20℃에서 88g이다. 80℃의 포화용액 100g을 70g으로 농축시켜서 20℃로 냉각시키면, 약 몇 g의 질산나트륨이 석출되는가?
js/gquiz.js	1	훅제목	어떤 원자핵에서 양성자의 수가 3이고, 중성자의 수가 2일 때 질량수는 얼마인가?
js/gquiz.js	1	훅제목	메탄에 염소를 작용시켜 클로로포름을 만드는 반응을 무엇이라 하는가?
js/gquiz.js	1	훅제목	[H+]=2×10-6M인 용액의 pH는 약 얼마인가?
js/gquiz.js	1	훅제목	제조소 건축물로 외벽이 내화구조인 것의 1소요단위는 연면적이 몇 m2인가?
js/gquiz.js	1	훅제목	위험물안전관리법령상 제4류 위험물 중 1기압에서 인화점이 21℃인 물질은 제 몇 석유류에 해당하는가?
js/gquiz.js	1	훅제목	구리줄을 볼에 달구어 약 50℃ 정도의 메탄올에 담그면 자극성 냄새가 나는 기체가 발생한다. 이 기체는 무엇인가?
js/gquiz.js	1	훅제목	1패러데이(Faraday)의 전기량으로 물을 전기분해 하였을 때 생성되는 수소기체는 0℃, 1기압에서 얼마의 부피를 갖는가?
js/gquiz.js	1	훅제목	0.01N CH3COOH의 전리도가 0.01이면 pH는 얼마인가?
js/gquiz.js	1	훅제목	액체나 기체 안에서 미소 입자가 불규칙적으로 계속 움직이는 것을 무엇이라 하는가?
js/gquiz.js	1	훅제목	디에틸에테르는 에탄올과 진한 황산의 혼합물을 가열하여 제조할 수 있는데 이것을 무슨 반응이라고 하는가?
js/gquiz.js	1	훅제목	1기압, 100℃에서 물 36g이 모두 기화되었다. 생성된 기체는 약 몇 L인가?
js/gquiz.js	1	훅제목	위험물안전관리법령상 제조소등에서의 위험물의 저장 및 취급에 관한 기준에 따르면 보냉장치가 있는 이동저장탱크에 저장하는 디에틸에테르의 온도는 얼마 이하로 유지하여야 하는가?
js/gquiz.js	1	과장	반드시 규격용기를 사용할 것
js/gquiz.js	1	훅제목	제4류 위험물 중 제1석유류란 1기압에서 인화점이 몇 ℃인 것을 말하는가?
js/gquiz.js	1	훅제목	원자량이 56인 금속 M 1.12g을 산화시켜 실험식이 MxOy인 산화물 1.60g을 얻었다. x, y는 각각 얼마인가?
js/gquiz.js	1	훅제목	전자배치가 1s22s22p63s23p5인 원자의 M껍질에는 몇 개의 전자가 들어 있는가?
js/gquiz.js	1	훅제목	황산 수용액 400mL 속에 순황산이 98g 녹아 있다면 이 용액의 농도는 몇 N 인가?
js/gquiz.js	1	훅제목	분말소화약제인 탄산수소나트륨 10kg이 1기압, 270℃에서 방사되었을 때 발생하는 이산화탄소의 양은 약 몇 m3 인가?
js/gquiz.js	1	줄표	D급화재 – 플라스틱화재
js/gquiz.js	1	과장	위험물안전관리법령상 위험물제조소의 위험물을 취급하는 건축물의 구성부분 중 반드시 내화구조로 하여야 하는 것은?
js/gquiz.js	1	훅제목	1기압 27℃에서 아세톤 58g을 완전히 기화시키면 부피는 약 몇 L가 되는가?
